MAXDepth,<<<NULL>>>,AbiTagAttr,AccessSpecDecl,ArraySubscriptExpr,BinaryOperator,CStyleCastExpr,CXXBoolLiteralExpr,CXXConstructExpr,CXXConstructorDecl,CXXConversionDecl,CXXCtorInitializer,CXXDependentScopeMemberExpr,CXXDestructorDecl,CXXFunctionalCastExpr,CXXMemberCallExpr,CXXMethodDecl,CXXOperatorCallExpr,CXXRecordDecl,CXXStaticCastExpr,CXXTemporaryObjectExpr,CXXThisExpr,CXXUnresolvedConstructExpr,CallExpr,ClassTemplateSpecialization,CompoundAssignOperator,CompoundStmt,ConditionalOperator,ConstantExpr,CopyAssignment,CopyConstructor,DeclRefExpr,DeclStmt,DefaultConstructor,DefinitionData,DependentNameType,Destructor,EnumConstantDecl,ExprWithCleanups,FieldDecl,ForStmt,FormatAttr,FriendDecl,FunctionDecl,FunctionTemplateDecl,ImplicitCastExpr,IntegerLiteral,MaterializeTemporaryExpr,MemberExpr,MoveAssignment,MoveConstructor,NoThrowAttr,NullStmt,public,ParenExpr,ParenListExpr,ParmVarDecl,PureAttr,ReturnStmt,StringLiteral,TemplateArgument,TemplateSpecializationType,TemplateTypeParmDecl,TypedefDecl,UnaryOperator,UnresolvedLookupExpr,UsingDecl,UsingShadowDecl,WhileStmt,author
1,0,1,1,8,36,0,0,7,6,1,8,0,1,6,10,12,11,14,5,2,13,0,38,10,4,40,0,0,7,7,124,15,7,7,0,8,4,3,3,7,0,1,23,2,145,34,3,22,7,7,0,0,0,3,0,44,0,22,2,0,0,10,0,14,2,0,0,1,user1
7,0,0,1,0,2,0,0,2,3,0,0,0,1,0,0,1,1,2,0,0,0,0,3,0,0,1,0,1,1,1,11,1,1,1,0,2,1,1,0,0,0,0,2,0,8,2,0,0,1,1,0,0,1,0,0,6,0,1,0,0,0,0,0,0,0,0,0,0,user1
4,0,0,0,4,14,0,0,6,0,0,0,46,0,0,8,65,14,0,1,0,85,12,84,0,10,86,2,0,0,0,126,26,0,0,0,0,0,0,0,0,0,0,29,21,19,11,0,101,0,0,0,6,0,3,5,95,0,84,0,0,0,55,6,53,24,0,0,0,user1
14,0,0,0,0,4,0,0,4,0,0,0,0,0,0,16,10,19,0,0,0,14,0,37,0,0,9,0,0,0,0,40,2,0,0,0,0,0,4,1,2,0,0,1,0,63,3,8,30,0,0,0,0,0,0,0,8,0,1,4,0,0,0,0,2,0,0,0,0,user1
6,0,0,1,0,2,0,0,13,3,0,0,0,1,0,5,1,0,2,0,0,0,0,5,0,0,1,0,1,1,1,14,3,1,1,0,2,1,4,0,0,0,0,2,0,14,3,4,5,1,1,0,0,1,0,0,6,0,1,4,0,0,0,0,0,0,0,0,0,user1
5,0,0,1,0,4,0,0,2,3,0,0,0,1,0,4,1,5,2,0,0,0,0,10,0,0,3,0,1,1,1,24,4,1,1,0,2,1,0,0,1,0,0,2,0,16,4,0,4,1,1,0,0,1,0,0,6,0,0,2,0,0,0,0,1,0,0,0,1,user1
11,0,0,1,0,2,0,0,15,5,1,0,0,2,0,12,3,13,3,0,0,0,0,25,0,0,7,0,1,2,2,50,11,2,2,0,4,1,14,0,0,0,0,2,0,43,2,13,12,2,2,0,0,1,0,0,12,0,3,10,0,0,0,0,0,0,0,0,0,user1
17,0,0,1,0,2,0,0,22,5,1,0,0,2,0,14,3,11,3,0,0,0,0,25,0,0,7,0,1,2,2,52,14,2,2,0,4,1,11,0,0,0,0,2,0,53,2,15,14,2,2,0,0,1,0,0,12,0,3,6,0,0,0,0,0,0,0,0,0,user1
3,0,0,1,0,2,0,0,1,3,0,0,0,1,0,0,1,0,2,0,0,0,0,0,0,0,1,0,1,1,1,4,1,1,1,0,2,1,0,0,0,0,0,2,0,4,2,0,0,1,1,0,0,1,0,0,6,0,1,0,0,0,0,0,0,0,0,0,0,user1
11,0,0,1,0,4,0,0,10,3,0,0,0,1,0,9,1,17,2,0,0,4,0,30,0,0,9,0,1,1,1,64,15,1,1,0,2,1,5,0,0,0,0,2,0,52,7,6,17,1,1,0,0,1,1,0,6,0,2,2,0,0,0,0,1,2,0,0,2,user1
4,0,0,0,4,19,0,0,6,0,0,0,46,0,0,8,77,15,0,1,0,93,12,85,0,10,92,2,0,0,0,130,27,0,0,0,0,0,0,0,0,0,0,29,21,29,12,0,109,0,0,0,6,0,4,5,101,0,87,0,0,0,55,6,53,25,0,0,0,user1
6,0,0,0,0,23,4,0,12,0,0,0,1,0,0,23,6,29,0,0,1,5,0,56,0,0,14,4,3,0,0,102,13,0,0,0,0,3,6,0,0,15,0,28,2,91,25,7,36,0,0,1,0,0,26,0,73,1,1,5,0,0,2,0,1,1,18,18,4,user1
9,0,0,1,0,2,0,0,9,3,0,0,0,1,0,3,1,0,2,0,0,0,0,3,0,0,1,0,1,1,1,7,1,1,1,0,2,1,2,0,0,0,0,2,0,13,2,4,3,1,1,0,0,1,0,0,6,0,1,4,0,0,0,0,0,0,0,0,0,user1
3,0,0,1,0,2,0,0,0,3,0,0,0,1,0,0,1,3,2,0,0,4,0,3,0,0,1,0,1,1,1,8,1,1,1,0,2,1,0,0,0,0,0,2,0,6,2,0,4,1,1,0,0,1,0,0,6,0,1,0,0,0,0,0,0,2,0,0,0,user1
9,0,0,1,0,2,0,0,3,3,0,0,0,1,0,0,1,7,2,0,0,4,0,7,0,0,1,0,1,1,1,14,3,1,1,0,2,1,1,0,0,0,0,2,0,16,3,1,4,1,1,0,0,1,0,0,6,0,1,3,0,0,0,0,0,2,0,0,0,user1
5,0,0,1,0,2,0,0,6,3,0,0,0,1,0,4,1,9,2,0,0,4,0,15,0,0,4,0,1,1,1,33,7,1,1,0,2,1,3,0,0,0,0,2,0,30,3,3,8,1,1,0,0,1,0,0,6,0,2,2,0,0,0,0,0,2,0,0,1,user1
8,0,0,0,16,45,0,5,46,0,0,0,0,0,0,20,0,20,0,0,0,0,0,61,0,0,30,0,0,0,0,195,31,0,0,0,0,0,0,0,12,0,0,19,0,199,38,0,20,0,0,0,0,0,2,0,42,0,12,0,0,0,0,0,12,0,0,0,0,user1
9,0,0,1,9,10,0,0,23,3,0,0,0,1,0,20,1,61,2,0,0,4,0,92,0,0,10,0,1,1,1,162,18,1,1,0,2,1,4,0,4,0,0,2,0,185,27,5,24,1,1,0,0,1,0,0,6,0,1,24,0,0,0,0,6,2,0,0,2,user1
5,0,0,0,0,17,0,0,0,0,0,0,0,0,0,0,10,0,0,0,0,6,0,0,0,0,6,0,0,0,0,12,0,0,0,0,0,0,0,0,0,0,0,0,0,14,8,0,6,0,0,0,0,0,0,0,8,0,2,0,0,0,0,0,0,0,0,0,0,user1
5,0,0,1,0,5,0,0,1,3,0,0,0,1,0,4,1,12,2,0,0,0,0,16,0,0,2,0,1,1,1,31,3,1,1,0,2,1,0,0,1,0,0,2,0,30,6,0,4,1,1,0,0,1,0,0,8,0,1,5,0,0,0,0,1,0,0,0,0,user1
5,0,0,0,0,17,0,0,0,0,0,0,0,0,0,0,10,0,0,0,0,6,0,0,0,0,6,0,0,0,0,12,0,0,0,0,0,0,0,0,0,0,0,0,0,14,8,0,6,0,0,0,0,0,0,0,8,0,2,0,0,0,0,0,0,0,0,0,0,user1
4,0,0,0,4,10,0,0,0,0,0,0,46,0,0,0,59,14,0,1,0,82,12,73,0,10,82,1,0,0,0,106,23,0,0,0,0,0,0,0,0,0,0,23,21,1,9,0,90,0,0,0,6,0,2,5,83,0,78,0,0,0,55,6,53,24,0,0,0,user1
5,0,0,1,0,60,8,0,56,3,0,0,2,1,2,8,1,26,2,0,0,0,0,77,0,0,25,8,7,1,1,230,9,1,1,0,2,7,7,0,3,30,0,70,6,176,66,7,10,1,1,2,0,1,54,0,164,2,5,4,0,0,8,0,3,14,36,36,0,user1
5,0,0,1,0,2,0,0,3,3,0,0,0,1,0,6,1,9,2,0,0,4,0,16,0,0,2,1,1,1,1,27,3,1,1,0,2,1,0,0,0,0,0,2,0,29,8,0,10,1,1,0,0,1,2,0,8,0,1,6,0,0,0,0,0,2,0,0,0,user1
5,0,0,0,6,13,0,2,0,0,0,0,0,0,0,0,8,3,0,0,0,11,0,4,0,0,12,0,0,0,0,32,7,0,0,0,0,0,0,0,6,0,0,0,0,39,7,0,11,0,0,0,0,0,1,0,8,0,2,1,0,0,0,0,6,0,0,0,0,user1
7,0,0,2,0,64,4,5,1,1,0,1,28,1,1,0,29,14,96,1,0,42,3,52,125,0,47,5,12,81,81,108,7,81,81,0,82,9,0,17,0,15,0,34,4,105,45,0,74,81,81,1,6,1,31,0,144,1,18,0,0,0,35,99,13,14,20,20,5,user1
5,0,0,1,0,4,0,2,1,3,0,0,0,1,0,9,1,16,2,0,0,0,0,25,0,0,5,0,1,1,1,44,2,1,1,0,2,1,0,0,0,0,0,2,0,45,7,0,9,1,1,0,0,1,0,0,6,0,1,8,0,0,0,0,0,0,0,0,0,user1
10,0,0,1,1,2,0,0,13,3,0,0,0,1,0,21,1,175,2,0,0,0,0,199,0,0,14,0,1,1,1,384,11,1,1,0,2,1,6,0,0,0,0,3,0,371,27,6,21,1,1,0,0,1,1,0,7,0,2,59,0,0,0,0,0,0,0,0,0,user1
6,0,0,0,19,41,0,2,12,0,0,0,46,0,2,9,71,24,0,1,0,95,12,96,0,10,106,2,0,0,0,220,44,0,0,0,0,0,2,0,11,0,0,33,21,120,24,2,123,0,0,0,6,0,6,5,115,0,87,3,0,0,55,6,64,24,0,0,0,user1
6,0,0,1,0,2,0,0,2,3,0,0,0,1,0,0,1,0,2,0,0,0,0,0,0,0,1,0,1,1,1,6,3,1,1,0,2,1,0,0,0,0,0,2,0,11,7,0,0,1,1,0,0,1,0,0,6,0,1,0,0,0,0,0,0,0,0,0,0,user1
6,0,0,0,18,35,0,0,16,0,0,0,46,0,0,9,67,14,0,1,1,89,12,86,0,15,104,2,0,0,0,198,44,0,0,0,0,0,1,0,9,0,0,37,21,93,27,1,126,0,0,0,6,0,4,5,115,0,91,0,0,0,55,6,63,24,0,0,0,user1
4,0,0,0,0,5,0,2,0,0,0,0,0,0,0,0,6,0,0,0,0,6,0,0,0,0,4,0,0,0,0,3,0,0,0,0,0,0,0,0,0,0,0,0,0,7,0,0,6,0,0,0,0,0,0,0,4,0,3,0,0,0,0,0,0,0,0,0,0,user1
12,0,0,0,4,25,0,0,29,0,0,0,56,0,6,24,93,34,0,1,2,126,14,120,0,10,117,2,0,0,0,183,34,0,0,0,0,0,9,0,0,0,0,34,21,115,13,11,138,0,0,0,8,0,9,5,127,0,113,1,0,0,55,6,77,29,0,0,0,user1
11,0,0,1,0,5,0,0,30,3,0,0,0,1,0,16,1,17,2,0,0,0,0,35,0,0,6,0,1,1,1,74,11,1,1,0,2,1,5,0,3,0,0,2,0,76,9,10,16,1,1,0,0,1,0,0,6,0,1,9,0,0,0,0,3,0,0,0,0,user1
4,0,0,0,0,16,4,0,0,0,0,0,1,0,0,1,3,2,0,0,0,2,0,5,0,0,2,4,3,0,0,18,0,0,0,0,0,3,0,0,0,15,0,28,2,11,20,0,3,0,0,1,0,0,26,0,68,1,1,1,0,0,2,0,0,1,18,18,0,user1
11,0,0,1,0,19,4,0,55,3,0,0,1,1,0,15,4,7,2,0,0,0,0,26,0,0,4,4,4,1,1,71,10,1,1,0,2,4,15,0,1,15,0,31,2,85,31,30,16,1,1,1,0,1,28,0,76,1,2,24,0,0,2,0,16,1,18,18,0,user1
4,0,0,0,0,19,4,0,2,0,0,0,1,0,0,7,10,4,0,0,0,8,0,13,0,0,6,4,3,0,0,27,1,0,0,0,0,3,1,0,0,15,0,28,2,26,21,3,13,0,0,1,0,0,27,0,73,1,2,1,0,0,2,0,1,1,18,18,1,user1
4,0,0,0,4,29,4,0,4,0,0,0,47,0,0,8,61,20,0,1,0,85,12,92,0,10,85,6,3,0,0,145,26,0,0,0,0,3,0,0,0,15,0,57,23,32,31,0,102,0,0,1,6,0,29,5,162,1,82,2,0,0,57,6,53,26,18,18,0,user1
-1,-1,-1,-1,-1,-1,-1,-1,-1,-1,-1,-1,-1,-1,-1,-1,-1,-1,-1,-1,-1,-1,-1,-1,-1,-1,-1,-1,-1,-1,-1,-1,-1,-1,-1,-1,-1,-1,-1,-1,-1,-1,-1,-1,-1,-1,-1,-1,-1,-1,-1,-1,-1,-1,-1,-1,-1,-1,-1,-1,-1,-1,-1,-1,-1,-1,-1,-1,-1,user10
6,0,0,1,0,2,0,0,67,3,0,0,0,1,0,36,1,32,2,0,8,0,0,68,0,0,7,0,1,1,1,124,30,1,1,0,2,1,37,0,0,0,0,6,0,122,6,53,36,1,1,0,0,1,0,0,6,0,5,36,0,0,0,0,0,0,0,0,0,user10
5,0,0,1,0,2,0,0,0,3,0,0,0,1,0,0,1,0,2,0,0,0,0,4,0,0,4,0,1,1,1,13,1,1,1,0,2,1,0,0,0,0,0,19,0,14,2,0,0,1,1,3,0,1,1,0,42,0,3,0,0,0,0,1,0,0,4,6,0,user10
1,0,0,0,0,0,0,0,0,0,0,0,0,0,0,0,0,0,0,0,0,0,0,0,0,0,0,0,0,0,0,0,0,0,0,0,0,0,0,0,0,0,0,0,0,0,0,0,0,0,0,0,0,0,0,0,0,0,0,0,0,0,0,0,0,0,0,0,0,user10
5,0,0,1,0,5,0,0,1,3,0,0,0,1,0,4,1,12,2,0,0,0,0,16,0,0,2,0,1,1,1,31,3,1,1,0,2,1,0,0,1,0,0,2,0,30,6,0,4,1,1,0,0,1,0,0,8,0,1,5,0,0,0,0,1,0,0,0,0,user10
5,0,0,0,0,17,0,0,0,0,0,0,0,0,0,0,10,0,0,0,0,6,0,0,0,0,6,0,0,0,0,12,0,0,0,0,0,0,0,0,0,0,0,0,0,14,8,0,6,0,0,0,0,0,0,0,8,0,2,0,0,0,0,0,0,0,0,0,0,user10
6,0,0,0,0,23,0,0,21,6,3,0,0,3,0,31,29,22,3,0,0,18,0,72,0,0,40,0,0,3,3,135,19,3,3,0,6,0,18,0,2,0,0,24,5,126,5,24,48,3,3,0,0,0,0,0,85,0,26,4,0,0,5,0,5,3,0,0,1,user10
7,0,0,2,0,62,4,3,1,1,0,1,28,1,1,0,29,14,96,1,0,42,3,52,125,0,38,5,9,81,81,104,7,81,81,0,82,9,0,17,0,15,0,34,4,95,44,0,69,81,81,1,7,1,37,0,144,1,20,1,0,0,35,99,17,14,20,20,3,user10
5,0,0,1,0,5,0,0,4,3,0,0,0,1,0,14,1,26,2,0,0,0,0,40,0,0,5,2,1,1,1,79,7,1,1,0,2,1,2,0,3,0,0,2,0,72,8,2,14,1,1,0,0,1,2,0,6,0,1,16,0,0,0,0,2,0,0,0,1,user10
10,0,0,1,1,9,0,1,7,3,0,0,0,1,0,19,1,28,2,0,1,0,2,51,0,0,7,1,1,1,1,110,12,1,1,0,2,1,2,0,4,0,0,19,1,102,12,4,19,1,1,3,0,1,1,0,40,0,4,17,0,0,2,1,8,1,3,3,2,user10
10,0,0,1,1,2,0,0,12,3,0,0,0,1,0,15,1,156,2,0,0,0,0,173,0,0,14,0,1,1,1,344,10,1,1,0,2,1,6,0,0,0,0,3,0,332,27,6,15,1,1,0,0,1,2,0,9,0,2,53,0,0,0,0,0,0,0,0,0,user10
6,0,0,0,26,47,0,0,33,0,0,0,56,0,7,19,93,35,0,1,2,131,14,119,0,12,119,2,0,0,0,260,47,0,0,0,0,0,10,0,11,0,0,36,21,208,25,12,160,0,0,0,8,0,9,5,139,0,112,4,0,0,55,6,88,28,0,0,0,user10
15,0,0,0,4,27,0,0,32,0,0,0,56,0,6,29,97,37,0,1,2,129,14,130,1,10,120,2,0,0,0,202,38,0,0,0,0,0,9,0,0,0,0,34,21,129,13,13,146,0,0,0,9,0,9,5,131,0,115,2,0,0,55,8,77,29,0,0,0,user10
13,0,0,1,0,8,0,0,40,3,0,0,0,1,0,21,1,28,2,0,3,4,0,49,0,0,6,0,1,1,1,102,19,1,1,0,2,1,14,0,0,0,0,2,0,105,7,20,25,1,1,0,0,1,0,0,6,0,1,13,0,0,0,0,7,2,0,0,1,user10
4,0,0,0,4,13,0,0,6,0,0,0,46,0,0,8,63,15,0,1,0,84,12,85,0,10,85,2,0,0,0,126,26,0,0,0,0,0,0,0,0,0,0,29,21,18,11,0,100,0,0,0,6,0,3,5,95,0,83,0,0,0,55,6,53,25,0,0,0,user10
4,0,0,0,0,16,4,0,0,0,0,0,1,0,0,0,3,8,0,0,0,4,0,10,0,0,2,4,3,0,0,20,0,0,0,0,0,3,0,0,0,15,0,28,2,22,20,0,5,0,0,1,0,0,26,0,68,1,1,4,0,0,2,0,0,1,18,18,0,user10
12,0,0,1,4,52,4,0,80,3,0,0,61,1,5,36,99,39,2,5,2,148,14,153,0,10,127,6,4,1,1,251,48,1,1,0,2,4,23,0,1,15,0,65,23,190,44,40,169,1,1,1,8,1,37,5,205,1,123,24,0,0,57,6,103,37,18,18,0,user10
9,0,0,0,0,16,4,0,2,0,0,0,1,0,0,6,10,12,0,0,0,8,0,20,0,0,6,4,3,0,0,35,4,0,0,0,0,3,2,0,0,15,0,28,2,36,20,2,15,0,0,1,0,0,26,0,73,1,2,5,0,0,2,0,0,1,18,18,0,user10
5,0,0,0,0,16,4,0,0,0,0,0,1,0,0,0,2,6,0,0,0,3,0,8,0,0,2,4,3,0,0,18,0,0,0,0,0,3,0,0,0,15,0,28,2,16,20,0,4,0,0,1,0,0,26,0,67,1,1,3,0,0,2,0,0,1,18,18,0,user10
7,0,1,1,28,107,6,0,7,6,1,8,0,1,0,11,12,25,16,5,2,13,0,55,12,3,66,0,0,9,9,242,16,9,9,0,10,4,3,3,8,0,1,23,2,282,79,3,23,9,9,0,0,0,5,0,44,0,25,5,0,0,10,0,21,2,0,0,1,user11
9,0,0,1,2,6,0,0,7,3,0,0,0,1,0,0,1,36,2,0,0,0,2,49,0,0,5,0,1,1,1,104,6,1,1,0,2,1,5,0,1,0,0,19,1,103,15,4,0,1,1,3,0,1,0,0,40,0,4,12,0,0,2,1,1,1,3,3,0,user11
4,0,0,0,4,14,0,0,4,0,0,0,46,0,0,8,59,14,0,1,0,82,12,84,0,10,83,2,0,0,0,126,26,0,0,0,0,0,0,0,0,0,0,29,21,18,11,0,98,0,0,0,6,0,3,5,95,0,81,0,0,0,55,6,53,24,0,0,0,user11
9,0,0,0,12,29,1,2,9,0,0,0,26,0,0,16,38,32,3,0,0,19,2,127,2,2,33,0,0,2,2,290,47,2,2,0,2,0,9,0,5,0,0,7,9,115,22,14,64,2,2,0,7,0,1,2,120,0,39,5,0,0,21,5,19,33,0,0,0,user11
11,0,0,1,0,2,0,0,22,3,0,0,0,1,0,10,1,8,2,0,0,4,0,18,0,0,1,0,1,1,1,34,5,1,1,0,2,1,7,0,0,0,0,2,0,38,3,7,14,1,1,0,0,1,0,0,6,0,1,10,0,0,0,0,0,2,0,0,0,user11
13,0,0,1,0,6,0,0,24,3,0,0,0,1,0,12,1,9,2,0,4,0,0,23,0,0,4,1,1,1,1,47,8,1,1,0,2,1,5,0,2,0,0,2,0,56,8,14,12,1,1,0,0,1,1,0,8,0,1,15,0,0,0,0,2,0,0,0,1,user11
11,0,0,1,0,2,0,0,15,5,1,0,0,2,0,12,3,13,3,0,0,0,0,25,0,0,7,0,1,2,2,50,11,2,2,0,4,1,14,0,0,0,0,2,0,43,2,13,12,2,2,0,0,1,0,0,12,0,3,10,0,0,0,0,0,0,0,0,0,user11
11,0,0,1,0,2,0,4,22,5,1,0,0,2,0,22,3,16,3,0,0,0,0,38,0,0,11,0,1,2,2,65,14,2,2,0,4,1,15,0,0,0,0,2,0,75,2,23,22,2,2,0,0,1,0,0,12,0,7,7,0,0,0,0,0,0,0,0,0,user11
9,0,0,1,0,2,0,0,9,3,0,0,0,1,0,5,1,6,2,0,0,0,0,11,0,0,2,0,1,1,1,27,8,1,1,0,2,1,5,0,0,0,0,2,0,26,2,5,5,1,1,0,0,1,0,0,6,0,1,4,0,0,0,0,0,0,0,0,0,user11
10,0,0,1,0,4,0,0,9,3,0,0,0,1,0,10,1,25,2,0,0,4,0,39,0,0,9,0,1,1,1,80,14,1,1,0,2,1,5,0,0,0,0,2,0,67,6,6,23,1,1,0,0,1,0,0,6,0,2,4,0,0,0,0,1,2,0,0,2,user11
4,0,0,0,0,3,0,0,2,0,0,0,0,0,0,0,18,0,0,0,0,9,0,0,0,0,9,0,0,0,0,3,0,0,0,0,0,0,0,0,0,0,0,0,0,7,0,0,9,0,0,0,0,0,0,0,6,0,6,0,0,0,0,0,0,0,0,0,0,user11
8,0,0,9,0,10,0,0,24,15,0,5,22,3,0,35,39,43,5,0,0,39,0,101,16,0,33,0,0,3,3,141,26,3,3,0,6,0,13,3,0,0,0,0,0,124,6,13,96,3,3,0,0,6,1,8,47,0,5,5,0,0,4,23,7,9,0,0,4,user11
9,0,0,1,0,2,0,0,9,3,0,0,0,1,0,5,1,2,2,0,0,0,0,7,0,0,1,0,1,1,1,12,1,1,1,0,2,1,4,0,0,0,0,2,0,15,2,4,5,1,1,0,0,1,0,0,6,0,1,5,0,0,0,0,0,0,0,0,0,user11
5,0,0,1,0,2,0,0,3,3,0,0,0,1,0,0,1,3,2,0,0,4,0,3,0,0,1,0,1,1,1,9,3,1,1,0,2,1,0,0,0,0,0,2,0,8,2,0,4,1,1,0,0,1,0,0,6,0,1,1,0,0,0,0,0,2,0,0,0,user11
7,0,0,1,0,4,0,0,7,3,0,0,0,1,0,8,1,11,2,0,0,4,0,21,0,0,5,0,1,1,1,40,5,1,1,0,2,1,2,0,2,0,0,2,0,36,4,4,12,1,1,0,0,1,0,0,6,0,1,3,0,0,0,0,2,2,0,0,2,user11
8,0,0,1,1,8,0,0,6,3,0,0,0,1,0,8,1,14,2,0,0,4,0,24,0,0,7,0,1,1,1,58,7,1,1,0,2,1,2,0,2,0,0,2,0,51,8,4,12,1,1,0,0,1,0,0,6,0,1,3,0,0,0,0,4,2,0,0,2,user11
6,0,0,0,14,69,0,2,15,0,0,0,10,0,0,22,5,57,0,0,0,4,8,113,0,0,25,0,0,0,0,253,33,0,0,0,0,0,0,0,3,0,0,14,10,170,22,0,34,0,0,0,1,0,10,0,53,0,6,13,0,0,21,3,16,30,0,0,6,user11
5,0,0,1,0,3,0,0,14,3,0,0,0,1,0,8,1,28,2,0,0,0,2,42,0,0,4,0,1,1,1,74,11,1,1,0,2,1,0,0,0,0,0,19,1,81,20,0,8,1,1,3,0,1,0,0,42,0,4,12,0,0,2,1,0,1,3,3,0,user11
5,0,0,0,0,17,0,0,0,0,0,0,0,0,0,0,10,0,0,0,0,6,0,0,0,0,6,0,0,0,0,12,0,0,0,0,0,0,0,0,0,0,0,0,0,14,8,0,6,0,0,0,0,0,0,0,8,0,2,0,0,0,0,0,0,0,0,0,0,user11
5,0,0,1,0,5,0,0,1,3,0,0,0,1,0,4,1,12,2,0,0,0,0,16,0,0,2,0,1,1,1,31,3,1,1,0,2,1,0,0,1,0,0,2,0,30,6,0,4,1,1,0,0,1,0,0,8,0,1,5,0,0,0,0,1,0,0,0,0,user11
5,0,0,0,0,17,0,0,0,0,0,0,0,0,0,0,10,0,0,0,0,6,0,0,0,0,6,0,0,0,0,12,0,0,0,0,0,0,0,0,0,0,0,0,0,14,8,0,6,0,0,0,0,0,0,0,8,0,2,0,0,0,0,0,0,0,0,0,0,user11
1,0,0,0,0,0,0,0,0,0,0,0,0,0,0,0,3,0,0,0,0,0,0,3,0,0,6,0,0,0,0,6,0,0,0,0,0,0,0,1,0,0,0,20,1,4,0,0,0,0,0,3,0,0,0,0,19,0,3,0,0,0,1,0,0,0,2,5,0,user11
12,0,0,1,0,32,0,0,76,3,0,0,0,1,2,50,1,55,2,0,0,0,0,150,0,0,26,0,1,1,1,289,11,1,1,0,2,1,16,0,2,0,0,10,2,241,34,38,50,1,1,0,0,1,2,0,30,0,5,10,0,0,4,0,2,12,0,0,0,user11
5,0,0,1,0,2,0,0,3,3,0,0,0,1,0,6,1,9,2,0,0,4,0,16,0,0,2,1,1,1,1,27,3,1,1,0,2,1,0,0,0,0,0,2,0,29,8,0,10,1,1,0,0,1,1,0,6,0,1,6,0,0,0,0,0,2,0,0,0,user11
7,0,0,0,4,5,0,0,0,0,0,0,0,0,0,0,4,3,0,0,0,6,0,3,0,0,6,0,0,0,0,21,4,0,0,0,0,0,0,0,4,0,0,0,0,23,4,0,6,0,0,0,0,0,0,0,4,0,0,1,0,0,0,0,4,0,0,0,0,user11
7,0,0,2,0,63,4,5,1,1,0,1,28,1,1,0,29,14,96,1,0,36,3,52,125,0,48,5,9,81,81,116,6,81,81,0,82,9,0,17,0,15,0,34,4,110,45,0,71,81,81,1,6,1,31,0,144,1,21,1,0,0,35,99,13,14,20,20,5,user11
4,0,0,1,24,62,2,8,6,3,0,0,52,1,0,32,57,75,8,0,0,24,4,261,4,4,55,0,1,5,5,625,90,5,5,0,6,1,5,0,11,0,0,14,14,243,59,5,114,5,5,0,14,1,2,4,220,0,78,18,0,0,32,10,39,66,0,0,0,user11
2,0,0,1,1,2,0,0,15,3,0,0,0,1,0,21,1,180,2,0,0,0,0,204,0,0,14,0,1,1,1,395,12,1,1,0,2,1,7,0,0,0,0,3,0,381,29,7,21,1,1,0,0,1,3,0,9,0,2,59,0,0,1,0,0,0,0,0,0,user11
12,0,0,0,26,46,0,2,16,0,0,0,46,0,4,23,71,21,0,1,0,97,12,109,0,11,107,2,0,0,0,222,39,0,0,0,0,0,4,0,11,0,0,33,21,129,26,4,137,0,0,0,6,0,9,5,115,0,87,7,0,0,55,6,66,24,0,0,0,user11
5,0,0,1,0,2,0,0,3,3,0,0,0,1,0,2,1,4,2,0,0,0,0,6,0,0,2,0,1,1,1,18,5,1,1,0,2,1,2,0,0,0,0,2,0,12,2,2,2,1,1,0,0,1,0,0,6,0,1,0,0,0,0,0,0,0,0,0,0,user11
8,0,0,1,0,2,0,0,3,3,0,0,0,1,0,1,1,19,2,0,0,0,0,20,0,0,1,0,1,1,1,59,5,1,1,0,2,1,4,0,0,0,0,2,0,58,12,4,1,1,1,0,0,1,0,0,6,0,1,0,0,0,0,0,0,0,0,0,0,user11
6,0,12,412,134,1548,90,244,226,677,28,237,1829,173,88,495,3806,838,1568,124,79,2310,235,4740,1058,44,2601,100,214,927,927,7833,822,927,927,0,1104,185,127,488,41,10,115,1229,591,4401,1352,128,3825,927,927,61,139,238,488,249,8942,27,1472,126,0,0,1902,1279,1065,1035,209,212,52,user11
3,0,0,0,0,16,4,0,0,0,0,0,1,0,0,1,3,1,0,0,0,2,0,4,0,0,2,4,3,0,0,14,0,0,0,0,0,3,0,0,0,15,0,28,2,9,20,0,3,0,0,1,0,0,26,0,68,1,1,0,0,0,2,0,0,1,18,18,0,user11
11,0,0,1,0,19,4,0,55,3,0,0,1,1,0,15,4,7,2,0,0,0,0,26,0,0,4,4,4,1,1,68,10,1,1,0,2,4,15,0,1,15,0,31,2,85,31,30,16,1,1,1,0,1,28,0,78,1,2,24,0,0,2,0,16,1,18,18,0,user11
4,0,0,0,0,16,4,0,5,0,0,0,1,0,0,7,10,10,0,0,0,11,0,20,0,0,6,4,3,0,0,27,1,0,0,0,0,3,3,0,0,15,0,28,2,33,20,5,18,0,0,1,0,0,26,0,73,1,2,4,0,0,2,0,0,1,18,18,0,user11
4,0,0,0,0,16,4,0,0,0,0,0,1,0,0,0,2,5,0,0,0,3,0,7,0,0,2,4,3,0,0,17,0,0,0,0,0,3,0,0,0,15,0,28,2,14,20,0,4,0,0,1,0,0,26,0,67,1,1,2,0,0,2,0,0,1,18,18,0,user11
6,0,0,0,16,37,0,0,0,0,0,0,0,0,0,0,0,0,0,0,0,0,0,0,0,2,13,0,0,0,0,73,4,0,0,0,0,0,0,0,3,0,0,4,0,83,27,0,0,0,0,0,0,0,1,0,7,0,6,0,0,0,0,0,4,0,0,0,1,user12
6,0,0,1,3,6,0,0,0,3,0,0,0,1,0,0,1,11,2,0,0,0,0,14,0,0,3,0,1,1,1,43,3,1,1,0,2,1,0,0,2,0,0,2,0,34,9,0,0,1,1,0,0,1,0,0,6,0,1,2,0,0,0,0,2,0,0,0,0,user12
12,0,0,0,4,24,0,0,27,0,0,0,56,0,5,19,89,32,0,1,2,123,14,113,0,10,113,2,0,0,0,177,34,0,0,0,0,0,8,0,0,0,0,32,21,104,13,10,130,0,0,0,8,0,9,5,119,0,111,0,0,0,55,6,77,28,0,0,0,user12
11,0,0,0,0,7,0,0,6,0,0,0,0,0,0,9,10,7,0,0,0,12,0,18,0,0,8,0,0,0,0,25,3,0,0,0,0,0,2,0,2,0,0,0,0,31,3,4,20,0,0,0,0,0,0,0,6,0,0,0,0,0,0,0,2,0,0,0,0,user12
6,0,0,1,0,2,0,0,26,3,0,0,0,1,0,8,1,20,2,0,0,4,0,28,0,0,3,0,1,1,1,61,6,1,1,0,2,1,8,0,0,0,0,2,0,63,4,8,12,1,1,0,0,1,0,0,6,0,1,10,0,0,0,0,0,2,0,0,0,user12
12,0,0,1,0,2,0,0,37,3,0,0,0,1,0,14,1,12,2,0,6,0,0,26,2,0,3,0,1,1,1,49,14,1,1,0,2,1,15,0,0,0,0,2,0,58,2,27,14,1,1,0,0,1,0,0,6,0,1,18,0,0,0,2,0,0,0,0,0,user12
8,0,0,1,0,5,0,0,6,3,0,0,0,1,0,8,1,8,2,0,0,4,0,19,0,0,4,0,1,1,1,35,4,1,1,0,2,1,2,0,1,0,0,2,0,28,5,4,12,1,1,0,0,1,0,0,6,0,1,2,0,0,0,0,2,2,0,0,1,user12
4,0,0,1,12,18,0,0,0,3,0,0,0,1,0,0,1,10,2,0,0,4,0,11,0,0,7,0,1,1,1,55,5,1,1,0,2,1,0,0,3,0,0,2,0,51,18,0,4,1,1,0,0,1,0,0,6,0,1,3,0,0,0,0,5,2,0,0,0,user12
7,0,0,1,1,11,1,1,10,3,0,0,0,1,0,1,1,15,2,0,0,4,2,26,0,0,7,0,1,1,1,78,9,1,1,0,2,1,0,0,2,0,0,19,1,66,8,0,5,1,1,3,0,1,0,0,42,0,4,2,0,0,2,1,2,3,3,3,0,user12
12,0,0,4,28,96,3,4,14,3,0,3,3,0,0,4,36,32,80,2,0,24,8,118,25,2,95,0,1,53,53,400,31,53,53,0,53,2,0,1,14,0,0,59,50,149,37,0,25,53,53,3,6,2,2,3,194,0,60,2,0,0,149,45,91,85,1,1,6,user12
5,0,0,1,0,5,0,0,1,3,0,0,0,1,0,4,1,14,2,0,0,4,0,18,0,0,2,0,1,1,1,31,3,1,1,0,2,1,0,0,1,0,0,2,0,30,6,0,8,1,1,0,0,1,0,0,8,0,1,5,0,0,0,0,1,2,0,0,0,user12
12,0,0,4,28,96,3,4,14,3,0,3,3,0,0,4,36,32,80,2,0,24,8,118,25,2,95,0,1,53,53,400,31,53,53,0,53,2,0,1,14,0,0,59,50,149,37,0,25,53,53,3,6,2,2,3,194,0,60,2,0,0,149,45,91,85,1,1,6,user12
15,0,0,0,0,8,0,0,12,0,0,0,0,0,0,26,18,13,0,0,0,19,0,45,0,0,15,0,0,0,0,42,2,0,0,0,0,0,6,0,2,0,0,8,0,44,2,16,45,0,0,0,0,0,3,0,16,0,8,2,0,0,0,0,2,0,0,0,0,user12
5,0,0,1,0,2,0,0,3,3,0,0,0,1,0,6,1,10,2,0,0,4,0,17,0,0,2,1,1,1,1,29,3,1,1,0,2,1,0,0,0,0,0,2,0,31,8,0,10,1,1,0,0,1,2,0,8,0,1,6,0,0,0,0,0,2,0,0,0,user12
5,0,0,0,6,19,0,2,0,0,0,0,0,0,0,0,8,3,0,0,0,11,0,6,0,0,12,0,0,0,0,39,3,0,0,0,0,0,0,0,6,0,0,0,0,42,8,0,11,0,0,0,0,0,2,0,8,0,2,1,0,0,0,0,6,0,0,0,0,user12
-1,-1,-1,-1,-1,-1,-1,-1,-1,-1,-1,-1,-1,-1,-1,-1,-1,-1,-1,-1,-1,-1,-1,-1,-1,-1,-1,-1,-1,-1,-1,-1,-1,-1,-1,-1,-1,-1,-1,-1,-1,-1,-1,-1,-1,-1,-1,-1,-1,-1,-1,-1,-1,-1,-1,-1,-1,-1,-1,-1,-1,-1,-1,-1,-1,-1,-1,-1,-1,user12
12,0,0,1,0,46,2,0,8,3,0,0,0,1,2,16,1,24,2,0,0,4,0,41,0,0,13,0,1,1,1,102,6,1,1,0,2,1,3,0,5,0,0,6,0,124,31,2,20,1,1,0,0,1,4,0,10,0,5,4,0,0,0,0,5,2,0,0,0,user12
5,0,0,1,0,2,0,0,1,3,0,0,0,1,0,7,1,2,2,0,0,0,0,9,0,0,3,0,1,1,1,15,1,1,1,0,2,1,0,0,0,0,0,2,0,10,8,0,7,1,1,0,0,1,0,0,6,0,1,2,0,0,0,0,0,0,0,0,0,user12
9,0,0,2,0,55,4,5,1,1,0,1,28,1,1,0,29,15,96,1,0,35,3,53,125,0,42,5,9,81,81,96,7,81,81,0,82,9,0,17,2,15,0,34,4,78,45,0,55,81,81,1,6,1,34,0,144,1,18,2,0,0,35,99,14,14,20,20,1,user12
2,0,0,1,0,2,0,0,0,3,0,0,0,1,0,0,1,0,2,0,0,0,0,0,0,0,1,0,1,1,1,4,0,1,1,0,2,1,0,0,0,0,0,2,0,4,2,0,0,1,1,0,0,1,0,0,6,0,1,0,0,0,0,0,0,0,0,0,0,user12
5,0,0,0,6,19,0,2,0,0,0,0,0,0,0,0,8,3,0,0,0,11,0,6,0,0,12,0,0,0,0,39,3,0,0,0,0,0,0,0,6,0,0,0,0,42,8,0,11,0,0,0,0,0,2,0,8,0,2,1,0,0,0,0,6,0,0,0,0,user12
6,0,0,1,0,2,0,0,1,3,0,0,0,1,0,2,1,5,2,0,0,0,0,7,0,0,1,0,1,1,1,19,3,1,1,0,2,1,0,0,0,0,0,2,0,22,8,0,2,1,1,0,0,1,0,0,6,0,1,0,0,0,0,0,0,0,0,0,0,user12
7,0,0,0,22,67,0,0,14,0,0,0,52,0,0,20,83,23,33,1,0,111,14,157,0,11,129,2,15,18,18,301,44,18,18,0,18,19,0,0,9,0,0,60,34,145,64,0,151,18,18,0,6,0,3,5,185,0,108,0,0,0,116,21,66,41,0,0,0,user12
9,0,0,1,0,2,0,0,4,3,0,0,0,1,0,2,1,14,2,0,0,0,0,16,0,0,1,0,1,1,1,51,8,1,1,0,2,1,1,0,0,0,0,2,0,52,18,1,2,1,1,0,0,1,0,0,6,0,1,0,0,0,0,0,0,0,0,0,0,user12
5,0,0,2,8,63,0,2,14,5,0,0,68,2,0,10,90,21,6,1,0,124,18,135,0,10,116,2,0,3,3,247,40,3,3,0,5,0,2,1,5,0,0,34,22,149,24,2,194,3,3,0,8,2,13,5,157,0,100,3,0,0,58,6,63,31,0,0,3,user12
4,0,0,0,0,16,4,0,0,0,0,0,1,0,0,1,4,2,0,0,0,2,0,5,0,0,2,4,3,0,0,17,0,0,0,0,0,3,0,0,0,15,0,28,2,10,20,0,3,0,0,1,0,0,26,0,69,1,1,0,0,0,2,0,0,1,18,18,0,user12
2,0,0,1,0,2,0,0,0,3,0,0,0,1,0,0,1,0,2,0,0,0,0,0,0,0,1,0,1,1,1,4,0,1,1,0,2,1,0,0,0,0,0,2,0,4,2,0,0,1,1,0,0,1,0,0,6,0,1,0,0,0,0,0,0,0,0,0,0,user12
4,0,0,0,0,16,4,0,4,0,0,0,1,0,0,7,10,2,0,0,0,7,0,12,0,0,5,4,3,0,0,20,0,0,0,0,0,3,1,0,0,15,0,28,2,16,20,4,13,0,0,1,0,0,26,0,73,1,2,0,0,0,2,0,0,1,18,18,0,user12
5,0,0,0,0,16,4,0,0,0,0,0,1,0,0,0,4,6,0,0,0,3,0,8,0,0,2,4,3,0,0,19,0,0,0,0,0,3,0,0,0,15,0,28,2,18,20,0,4,0,0,1,0,0,26,0,69,1,1,2,0,0,2,0,0,1,18,18,0,user12
7,0,0,0,3,15,0,0,0,0,0,0,0,0,0,0,0,0,0,0,0,0,0,3,0,6,9,0,0,0,0,36,5,0,0,0,0,0,0,0,3,0,0,8,0,40,17,0,0,0,0,0,0,0,3,0,14,0,5,1,0,0,0,0,3,0,0,0,1,user13
10,0,0,0,0,24,6,0,12,0,0,0,1,0,0,23,12,10,0,0,0,17,0,41,0,0,15,4,3,0,0,67,8,0,0,0,0,3,6,0,5,15,0,29,2,72,27,12,39,0,0,1,0,0,26,0,75,1,2,0,0,0,2,0,5,1,18,18,0,user13
15,0,0,1,0,2,0,0,28,3,0,0,0,1,2,10,1,4,2,0,4,0,0,14,0,0,1,0,1,1,1,26,6,1,1,0,2,1,7,0,0,0,0,2,0,32,2,16,10,1,1,0,0,1,0,0,6,0,0,14,0,0,0,0,0,0,0,0,0,user13
4,0,0,0,4,14,0,0,6,0,0,0,46,0,0,8,65,14,0,1,0,85,12,84,0,10,86,2,0,0,0,126,26,0,0,0,0,0,0,0,0,0,0,29,21,19,11,0,101,0,0,0,6,0,3,5,95,0,84,0,0,0,55,6,53,24,0,0,0,user13
12,0,0,1,0,2,0,0,34,5,1,0,0,2,0,19,3,30,3,0,3,0,0,50,2,0,9,0,1,2,2,101,24,2,2,0,4,1,22,0,0,0,0,2,0,91,2,27,19,2,2,0,0,1,0,0,12,0,3,18,0,0,0,2,0,0,0,0,0,user13
14,0,0,1,0,2,0,0,9,3,0,0,0,1,0,1,1,2,2,0,1,4,0,3,0,0,1,0,1,1,1,5,1,1,1,0,2,1,1,0,0,0,0,2,0,12,2,5,5,1,1,0,0,1,0,0,6,0,1,4,0,0,0,0,0,2,0,0,0,user13
8,0,0,1,0,2,0,0,18,3,0,0,0,1,0,14,1,14,2,0,1,0,0,32,0,0,3,0,1,1,1,55,8,1,1,0,2,1,9,0,0,0,0,2,0,36,2,16,16,1,1,0,0,1,0,0,6,0,1,3,0,0,0,0,0,0,0,0,0,user13
5,0,0,1,0,2,0,0,12,3,0,0,0,1,0,8,1,26,2,0,0,0,0,35,0,0,3,0,1,1,1,55,5,1,1,0,2,1,0,0,0,0,0,2,0,68,18,0,8,1,1,0,0,1,1,0,8,0,1,14,0,0,0,0,0,0,0,0,0,user13
12,0,0,8,1,115,2,8,74,15,0,9,35,2,5,16,82,55,192,20,1,46,8,263,223,3,182,0,10,165,165,717,70,165,165,0,167,5,17,3,11,0,0,101,65,365,46,24,89,165,165,0,13,4,12,4,402,0,120,6,0,0,180,164,103,112,2,2,7,user13
5,0,0,1,0,5,0,0,1,3,0,0,0,1,0,4,1,12,2,0,0,0,0,16,0,0,2,0,1,1,1,32,3,1,1,0,2,1,0,0,1,0,0,2,0,30,6,0,4,1,1,0,0,1,0,0,8,0,1,5,0,0,0,0,1,0,0,0,0,user13
5,0,0,8,1,114,2,8,66,15,0,9,35,2,5,9,81,51,192,20,1,46,8,253,223,3,179,0,10,165,165,696,67,165,165,0,167,5,17,3,10,0,0,103,65,344,44,23,82,165,165,0,13,4,13,4,404,0,118,6,0,0,180,164,102,112,2,2,7,user13
8,0,0,0,0,4,0,0,8,0,0,0,0,0,0,17,16,14,0,0,0,14,0,35,0,0,12,0,0,0,0,32,2,0,0,0,0,0,4,0,2,0,0,2,0,41,2,12,31,0,0,0,0,0,0,0,4,0,5,4,0,0,0,0,2,0,0,0,0,user13
12,0,0,1,0,99,5,0,151,3,0,0,0,1,14,95,1,115,2,0,0,4,0,272,0,0,63,0,1,1,1,547,16,1,1,0,2,1,30,0,12,0,0,38,2,567,86,46,99,1,1,0,0,1,37,0,66,0,19,29,0,0,4,0,23,14,0,0,0,user13
5,0,0,1,0,2,0,0,3,3,0,0,0,1,0,6,1,9,2,0,0,4,0,16,0,0,2,1,1,1,1,27,3,1,1,0,2,1,0,0,0,0,0,2,0,29,8,0,10,1,1,0,0,1,2,0,8,0,1,6,0,0,0,0,0,2,0,0,0,user13
5,0,0,0,6,13,2,0,0,0,0,0,0,0,0,0,8,3,0,0,0,11,0,6,0,0,10,0,0,0,0,33,6,0,0,0,0,0,0,0,6,0,0,0,0,44,7,0,11,0,0,0,0,0,3,0,8,0,1,0,0,0,0,0,6,0,0,0,0,user13
8,0,0,2,12,119,5,5,5,10,0,12,77,1,1,3,81,45,111,1,3,75,18,217,127,5,131,5,9,89,89,496,71,89,89,0,90,9,4,24,9,15,0,49,26,255,69,4,181,89,89,1,13,1,32,13,307,1,78,9,0,0,79,108,51,71,20,20,6,user13
5,0,0,1,0,2,0,0,1,3,0,0,0,1,0,18,1,18,2,0,0,0,0,36,0,0,1,2,1,1,1,67,2,1,1,0,2,1,0,0,0,0,0,2,0,45,13,0,18,1,1,0,0,1,0,0,6,0,1,9,0,0,0,0,0,0,0,0,0,user13
10,0,0,1,1,2,0,0,13,3,0,0,0,1,0,22,1,175,2,0,0,0,0,200,0,0,14,0,1,1,1,385,11,1,1,0,2,1,6,0,0,0,0,3,0,371,27,6,22,1,1,0,0,1,2,0,9,0,2,59,0,0,0,0,0,0,0,0,0,user13
6,0,0,0,24,39,2,0,12,0,0,0,46,0,2,9,71,17,0,1,0,95,12,91,0,11,104,2,0,0,0,207,39,0,0,0,0,0,2,0,11,0,0,33,21,123,24,2,133,0,0,0,6,0,6,5,115,0,86,2,0,0,55,6,64,24,0,0,0,user13
6,0,0,1,0,2,0,0,2,3,0,0,0,1,0,4,1,27,2,0,0,0,0,31,0,0,1,0,1,1,1,62,4,1,1,0,2,1,4,0,0,0,0,2,0,75,14,4,4,1,1,0,0,1,0,0,6,0,1,8,0,0,0,0,0,0,0,0,0,user13
12,0,0,0,15,45,0,0,17,0,0,0,46,0,2,17,67,20,0,1,1,93,12,101,0,11,103,2,0,0,0,208,41,0,0,0,0,0,5,0,9,0,0,37,21,102,30,7,128,0,0,0,6,0,4,5,115,0,91,1,0,0,55,6,63,24,0,0,0,user13
12,0,0,1,4,44,4,0,80,3,0,0,57,1,5,36,87,39,2,1,2,120,14,141,0,10,115,6,4,1,1,247,44,1,1,0,2,4,23,0,1,15,0,65,23,188,44,40,145,1,1,1,8,1,37,5,201,1,111,24,0,0,57,6,93,29,18,18,0,user13
9,0,0,0,0,19,4,0,2,0,0,0,1,0,1,5,10,3,0,0,0,7,0,10,0,0,9,4,3,0,0,23,2,0,0,0,0,3,1,0,2,15,0,28,2,28,22,1,13,0,0,1,0,0,26,0,73,1,2,1,0,0,2,0,2,1,18,18,0,user13
4,0,0,0,0,16,4,0,0,0,0,0,1,0,0,0,2,8,0,0,0,3,0,10,0,0,2,4,3,0,0,21,0,0,0,0,0,3,0,0,0,15,0,28,2,22,20,0,4,0,0,1,0,0,26,0,67,1,1,4,0,0,2,0,0,1,18,18,0,user13
4,0,0,0,0,16,4,0,0,0,0,0,1,0,0,0,3,10,0,0,0,4,0,12,0,0,2,4,3,0,0,23,0,0,0,0,0,3,0,0,0,15,0,28,2,29,20,0,5,0,0,1,0,0,26,0,68,1,1,5,0,0,2,0,0,1,18,18,0,user13
11,0,0,0,17,44,3,0,0,0,0,0,0,0,0,0,0,0,0,0,0,0,0,8,0,1,16,0,0,0,0,88,9,0,0,0,0,0,0,0,3,0,0,10,0,108,29,0,0,0,0,0,0,0,8,0,18,0,9,3,0,0,0,0,5,0,0,0,1,user14
8,0,0,1,4,13,1,0,0,3,0,0,0,1,0,0,1,16,2,0,0,0,2,25,0,0,7,0,1,1,1,72,7,1,1,0,2,1,0,0,3,0,0,19,1,64,14,0,0,1,1,3,0,1,1,0,40,0,4,3,0,0,2,1,3,1,3,3,0,user14
4,0,0,1,0,2,0,0,5,3,0,0,0,1,0,0,1,16,2,0,0,0,0,22,0,0,2,0,1,1,1,51,1,1,1,0,2,1,4,0,0,0,0,2,0,43,2,3,0,1,1,0,0,1,0,0,6,0,1,3,0,0,0,0,0,0,0,0,1,user14
5,0,1,40,0,82,25,0,23,44,1,9,11,17,0,17,129,51,38,5,2,24,0,94,42,0,70,0,0,27,27,255,12,27,27,0,44,8,3,7,4,0,3,15,2,348,67,3,40,27,27,0,0,21,11,4,420,0,23,3,0,0,19,37,13,2,0,0,4,user14
4,0,0,0,4,14,0,0,6,0,0,0,46,0,0,8,65,14,0,1,0,85,12,84,0,10,86,2,0,0,0,126,26,0,0,0,0,0,0,0,0,0,0,29,21,19,11,0,101,0,0,0,6,0,3,5,95,0,84,0,0,0,55,6,53,24,0,0,0,user14
9,0,0,0,0,1,0,0,11,0,0,0,0,0,0,9,10,8,0,0,3,10,0,20,0,0,7,0,0,0,0,30,5,0,0,0,0,0,5,0,1,0,0,0,0,23,1,11,19,0,0,0,0,0,0,0,6,0,0,0,0,0,0,0,1,0,0,0,0,user14
11,0,0,1,0,2,0,0,15,3,0,0,0,1,0,7,1,30,2,0,0,4,0,37,0,0,2,0,1,1,1,70,5,1,1,0,2,1,3,0,0,0,0,2,0,74,3,5,11,1,1,0,0,1,0,0,6,0,1,13,0,0,0,0,0,2,0,0,0,user14
14,0,0,1,0,6,0,0,28,3,0,0,0,1,0,10,1,8,2,0,4,0,0,20,0,0,3,1,1,1,1,45,7,1,1,0,2,1,6,0,2,0,0,2,0,49,8,14,10,1,1,0,0,1,1,0,8,0,1,13,0,0,0,0,2,0,0,0,0,user14
2,0,0,1,0,2,0,0,0,3,0,0,0,1,0,0,1,0,2,0,0,0,0,0,0,0,1,0,1,1,1,4,0,1,1,0,2,1,0,0,0,0,0,2,0,4,2,0,0,1,1,0,0,1,0,0,6,0,1,0,0,0,0,0,0,0,0,0,0,user14
4,0,0,7,24,127,0,1,2,3,0,4,117,0,2,24,106,79,14,11,0,101,30,274,2,5,134,3,0,8,8,627,82,8,8,0,8,0,1,4,7,0,0,9,18,289,75,1,214,8,8,0,17,4,12,6,198,0,82,5,0,0,33,14,65,84,1,0,3,user14
6,0,0,1,0,2,0,0,7,3,0,0,0,1,0,6,1,6,2,0,0,0,0,12,0,0,2,0,1,1,1,25,5,1,1,0,2,1,6,0,0,0,0,2,0,21,2,6,6,1,1,0,0,1,0,0,6,0,1,5,0,0,0,0,0,0,0,0,0,user14
17,0,0,1,0,2,0,0,24,5,1,0,0,2,0,18,3,11,3,0,0,0,0,29,0,0,7,0,1,2,2,46,10,2,2,0,4,1,13,0,0,0,0,2,0,65,2,23,18,2,2,0,0,1,0,0,12,0,5,8,0,0,0,0,0,0,0,0,0,user14
3,0,0,1,0,2,0,0,1,3,0,0,0,1,0,0,1,0,2,0,0,0,0,0,0,0,1,0,1,1,1,4,2,1,1,0,2,1,0,0,0,0,0,2,0,4,2,0,0,1,1,0,0,1,0,0,6,0,1,0,0,0,0,0,0,0,0,0,0,user14
10,0,0,1,0,9,0,0,12,3,0,0,0,1,0,13,1,35,2,0,0,4,0,49,0,0,11,0,1,1,1,98,12,1,1,0,2,1,7,0,0,0,0,2,0,85,8,11,26,1,1,0,0,1,0,0,6,0,1,10,0,0,0,0,1,2,0,0,1,user14
8,0,0,1,0,2,0,0,9,3,0,0,0,1,0,9,1,8,2,0,0,4,0,20,0,0,4,0,1,1,1,35,7,1,1,0,2,1,4,0,0,0,0,2,0,23,2,6,13,1,1,0,0,1,0,0,6,0,1,2,0,0,0,0,1,2,0,0,1,user14
4,0,0,1,0,8,0,0,11,3,0,0,0,1,0,10,1,11,2,0,0,4,0,27,0,0,10,0,1,1,1,62,17,1,1,0,2,1,5,0,0,0,0,6,0,59,2,8,18,1,1,0,0,1,0,0,13,0,4,1,0,0,0,0,0,2,0,0,1,user14
10,0,0,1,0,130,0,6,14,3,0,0,0,1,0,144,1,18,2,0,0,0,2,180,0,0,18,0,1,1,1,237,12,1,1,0,2,1,14,0,2,0,0,23,1,210,16,16,144,1,1,3,0,1,56,0,58,0,10,1,0,0,2,1,10,1,3,3,0,user14
5,0,0,0,0,17,0,0,0,0,0,0,0,0,0,0,10,0,0,0,0,6,0,0,0,0,6,0,0,0,0,12,0,0,0,0,0,0,0,0,0,0,0,0,0,14,8,0,6,0,0,0,0,0,0,0,8,0,2,0,0,0,0,0,0,0,0,0,0,user14
13,0,0,1,9,20,2,0,5,3,0,0,0,1,0,6,1,29,2,0,0,0,2,58,0,0,11,0,1,1,1,125,13,1,1,0,2,1,7,0,3,0,0,19,1,143,26,8,6,1,1,3,0,1,4,0,40,0,6,10,0,0,2,1,11,1,3,3,1,user14
5,0,0,4,37,309,3,9,45,3,0,3,35,0,1,44,52,77,152,14,1,41,8,288,160,3,193,0,5,125,125,941,61,125,125,0,125,3,9,1,24,0,0,93,60,522,141,13,109,125,125,0,13,2,13,4,343,0,102,19,0,0,175,119,143,112,2,2,7,user14
5,0,0,1,0,5,0,0,1,3,0,0,0,1,0,4,1,12,2,0,0,0,0,16,0,0,2,0,1,1,1,31,3,1,1,0,2,1,0,0,1,0,0,2,0,30,6,0,4,1,1,0,0,1,0,0,8,0,1,5,0,0,0,0,1,0,0,0,0,user14
5,0,0,0,0,17,0,0,0,0,0,0,0,0,0,0,10,0,0,0,0,6,0,0,0,0,6,0,0,0,0,12,0,0,0,0,0,0,0,0,0,0,0,0,0,14,8,0,6,0,0,0,0,0,0,0,8,0,2,0,0,0,0,0,0,0,0,0,0,user14
6,0,0,0,0,22,0,0,17,0,0,0,0,0,0,34,20,35,0,0,0,27,0,73,0,0,21,0,0,0,0,112,24,0,0,0,0,0,14,0,2,0,0,2,0,113,7,17,61,0,0,0,0,0,9,0,4,0,6,4,0,0,0,0,2,0,0,0,0,user14
8,0,0,1,0,7,0,0,4,3,0,0,0,1,0,5,1,16,2,0,0,0,0,28,0,0,8,0,1,1,1,54,3,1,1,0,2,1,5,0,1,0,0,2,0,45,7,2,5,1,1,0,0,1,1,0,6,0,1,3,0,0,0,0,1,0,0,0,0,user14
12,0,0,0,0,12,0,0,36,0,0,0,0,0,1,20,0,26,0,0,0,0,0,66,0,0,10,0,0,0,0,132,8,0,0,0,0,0,8,0,0,0,0,4,1,108,12,17,20,0,0,0,0,0,3,0,12,0,2,5,0,0,2,0,0,6,0,0,0,user14
5,0,0,1,0,2,0,0,3,3,0,0,0,1,0,6,1,10,2,0,0,4,0,17,0,0,2,1,1,1,1,30,3,1,1,0,2,1,0,0,0,0,0,2,0,31,9,0,10,1,1,0,0,1,2,0,6,0,2,6,0,0,0,0,0,2,0,0,0,user14
4,0,0,0,6,12,0,2,0,0,0,0,0,0,0,0,8,3,0,0,0,11,0,4,0,0,11,0,0,0,0,31,6,0,0,0,0,0,0,0,6,0,0,0,0,38,6,0,11,0,0,0,0,0,2,0,8,0,2,1,0,0,0,0,6,0,0,0,0,user14
6,0,0,2,12,108,5,11,6,10,0,12,77,1,1,4,79,43,111,1,3,68,18,216,127,5,116,5,9,89,89,473,70,89,89,0,90,9,5,24,7,15,0,51,26,210,69,5,162,89,89,1,13,1,32,13,309,1,78,6,0,0,79,108,50,72,20,20,4,user14
5,0,0,1,0,9,0,0,9,3,0,0,0,1,0,30,1,53,2,0,0,0,0,89,0,0,5,4,1,1,1,174,10,1,1,0,2,1,7,0,2,0,0,2,0,146,30,9,30,1,1,0,0,1,4,0,6,0,1,19,0,0,0,0,2,0,0,0,0,user14
10,0,0,1,1,2,0,0,13,3,0,0,0,1,0,21,1,175,2,0,0,0,0,199,0,0,14,0,1,1,1,384,11,1,1,0,2,1,6,0,0,0,0,3,0,371,27,6,21,1,1,0,0,1,2,0,9,0,2,59,0,0,0,0,0,0,0,0,0,user14
12,0,0,0,24,40,0,2,16,0,0,0,46,0,4,8,71,17,0,1,0,95,12,88,0,11,109,2,0,0,0,206,39,0,0,0,0,0,4,0,11,0,0,33,21,122,24,4,132,0,0,0,6,0,6,5,115,0,87,5,0,0,55,6,65,24,0,0,0,user14
9,0,0,1,1,6,0,0,6,3,0,0,0,1,0,2,1,17,2,0,0,0,0,19,0,0,2,0,1,1,1,57,9,1,1,0,2,1,5,0,1,0,0,2,0,53,7,5,2,1,1,0,0,1,0,0,6,0,1,0,0,0,0,0,1,0,0,0,0,user14
6,0,0,0,25,60,0,0,8,0,0,0,46,0,0,8,67,14,0,1,4,90,12,84,0,11,106,6,0,0,0,237,50,0,0,0,0,0,4,0,11,0,0,37,21,137,32,4,142,0,0,0,6,0,8,5,115,0,88,0,0,0,55,6,65,24,0,0,0,user14
7,0,0,0,4,25,0,0,27,0,0,0,56,0,5,23,97,35,0,1,2,127,14,120,0,10,118,2,0,0,0,185,34,0,0,0,0,0,8,0,0,0,0,34,21,116,13,10,138,0,0,0,8,0,9,5,131,0,113,0,0,0,55,6,77,29,0,0,0,user14
12,0,0,1,0,5,0,0,49,3,0,0,0,1,0,20,1,48,2,0,0,4,0,68,0,0,7,0,1,1,1,134,28,1,1,0,2,1,15,0,0,0,0,2,0,136,8,19,24,1,1,0,0,1,0,0,6,0,1,27,0,0,0,0,3,2,0,0,1,user14
4,0,0,0,0,0,0,0,2,0,0,0,0,0,0,0,4,0,0,0,0,2,0,0,0,0,2,0,0,0,0,0,0,0,0,0,0,0,0,0,0,0,0,0,0,0,0,0,2,0,0,0,0,0,0,0,0,0,2,0,0,0,0,0,0,0,0,0,0,user14
4,0,0,0,0,16,4,0,0,0,0,0,1,0,0,1,3,2,0,0,0,2,0,5,0,0,2,4,3,0,0,18,0,0,0,0,0,3,0,0,0,15,0,28,2,11,20,0,3,0,0,1,0,0,26,0,68,1,1,1,0,0,2,0,0,1,18,18,0,user14
11,0,0,1,0,19,4,0,55,3,0,0,1,1,0,15,4,7,2,0,0,0,0,26,0,0,4,4,4,1,1,71,10,1,1,0,2,4,15,0,1,15,0,31,2,85,31,30,16,1,1,1,0,1,28,0,78,1,2,24,0,0,2,0,16,1,18,18,0,user14
6,0,0,0,0,1,0,0,4,0,0,0,0,0,0,6,6,4,0,0,0,5,0,10,0,0,5,0,0,0,0,15,5,0,0,0,0,0,3,0,0,0,0,0,0,16,1,5,11,0,0,0,0,0,0,0,4,0,1,0,0,0,0,0,1,0,0,0,0,user14
4,0,0,0,0,16,4,0,0,0,0,0,1,0,0,0,2,5,0,0,0,3,0,7,0,0,2,4,3,0,0,19,0,0,0,0,0,3,0,0,0,15,0,28,2,14,20,0,4,0,0,1,0,0,26,0,67,1,1,2,0,0,2,0,0,1,18,18,0,user14
-1,-1,-1,-1,-1,-1,-1,-1,-1,-1,-1,-1,-1,-1,-1,-1,-1,-1,-1,-1,-1,-1,-1,-1,-1,-1,-1,-1,-1,-1,-1,-1,-1,-1,-1,-1,-1,-1,-1,-1,-1,-1,-1,-1,-1,-1,-1,-1,-1,-1,-1,-1,-1,-1,-1,-1,-1,-1,-1,-1,-1,-1,-1,-1,-1,-1,-1,-1,-1,user16
-1,-1,-1,-1,-1,-1,-1,-1,-1,-1,-1,-1,-1,-1,-1,-1,-1,-1,-1,-1,-1,-1,-1,-1,-1,-1,-1,-1,-1,-1,-1,-1,-1,-1,-1,-1,-1,-1,-1,-1,-1,-1,-1,-1,-1,-1,-1,-1,-1,-1,-1,-1,-1,-1,-1,-1,-1,-1,-1,-1,-1,-1,-1,-1,-1,-1,-1,-1,-1,user16
6,0,1,40,14,85,0,5,21,44,1,9,21,17,0,21,129,42,36,5,2,24,0,111,40,7,77,0,0,25,25,338,41,25,25,0,42,8,5,6,7,0,3,29,7,321,66,4,54,25,25,0,0,21,9,4,465,0,41,8,0,0,40,36,21,24,0,0,5,user16
11,0,0,1,0,3,0,0,5,5,1,0,0,2,0,3,3,11,3,0,0,0,0,14,0,0,7,0,1,2,2,42,8,2,2,0,4,1,4,0,1,0,0,2,0,31,4,3,3,2,2,0,0,1,0,0,12,0,3,0,0,0,0,0,1,0,0,0,0,user16
9,0,0,1,0,3,0,0,12,3,0,0,0,1,0,6,1,7,2,0,1,0,0,15,0,0,4,0,1,1,1,40,9,1,1,0,2,1,4,0,1,0,0,3,0,27,4,6,6,1,1,0,0,1,0,0,7,0,2,2,0,0,0,0,1,0,0,0,0,user16
10,0,0,1,0,3,0,0,4,3,0,0,0,1,0,4,1,12,2,0,0,0,0,16,0,0,3,0,1,1,1,32,6,1,1,0,2,1,3,0,0,0,0,2,0,33,2,3,13,1,1,0,0,1,0,0,6,0,1,6,0,0,0,0,0,0,0,0,0,user16
7,0,0,4,25,120,7,6,16,3,0,4,52,0,0,47,45,131,7,0,5,26,15,327,2,3,97,0,0,4,4,715,87,4,4,0,4,0,15,3,13,0,3,62,22,424,71,19,124,4,4,0,8,2,19,6,254,0,76,24,0,0,39,14,47,81,0,0,6,user16
5,0,0,0,0,17,0,0,0,0,0,0,0,0,0,0,10,0,0,0,0,6,0,0,0,0,6,0,0,0,0,12,0,0,0,0,0,0,0,0,0,0,0,0,0,14,8,0,6,0,0,0,0,0,0,0,8,0,2,0,0,0,0,0,0,0,0,0,0,user16
5,0,0,4,17,80,1,3,38,50,0,31,65,5,10,27,73,80,28,4,4,48,30,284,13,3,145,0,0,18,18,594,74,18,18,0,23,0,22,18,6,0,3,63,41,240,39,24,149,18,18,0,8,2,16,24,426,0,101,9,0,0,79,22,40,95,0,0,6,user16
-1,-1,-1,-1,-1,-1,-1,-1,-1,-1,-1,-1,-1,-1,-1,-1,-1,-1,-1,-1,-1,-1,-1,-1,-1,-1,-1,-1,-1,-1,-1,-1,-1,-1,-1,-1,-1,-1,-1,-1,-1,-1,-1,-1,-1,-1,-1,-1,-1,-1,-1,-1,-1,-1,-1,-1,-1,-1,-1,-1,-1,-1,-1,-1,-1,-1,-1,-1,-1,user16
-1,-1,-1,-1,-1,-1,-1,-1,-1,-1,-1,-1,-1,-1,-1,-1,-1,-1,-1,-1,-1,-1,-1,-1,-1,-1,-1,-1,-1,-1,-1,-1,-1,-1,-1,-1,-1,-1,-1,-1,-1,-1,-1,-1,-1,-1,-1,-1,-1,-1,-1,-1,-1,-1,-1,-1,-1,-1,-1,-1,-1,-1,-1,-1,-1,-1,-1,-1,-1,user16
9,0,0,1,0,26,4,0,10,3,0,0,1,1,1,16,1,24,2,0,0,0,0,62,0,0,16,4,4,1,1,130,6,1,1,0,2,4,7,0,1,15,0,33,3,84,30,9,17,1,1,1,0,1,27,0,78,1,3,4,0,0,4,0,2,7,18,18,0,user16
6,0,0,0,20,29,0,0,10,0,0,0,46,0,0,8,63,14,0,1,2,84,12,84,0,11,91,2,0,0,0,182,35,0,0,0,0,0,2,0,7,0,0,33,21,83,23,2,124,0,0,0,6,0,5,5,107,0,87,0,0,0,55,6,60,24,0,0,0,user16
-1,-1,-1,-1,-1,-1,-1,-1,-1,-1,-1,-1,-1,-1,-1,-1,-1,-1,-1,-1,-1,-1,-1,-1,-1,-1,-1,-1,-1,-1,-1,-1,-1,-1,-1,-1,-1,-1,-1,-1,-1,-1,-1,-1,-1,-1,-1,-1,-1,-1,-1,-1,-1,-1,-1,-1,-1,-1,-1,-1,-1,-1,-1,-1,-1,-1,-1,-1,-1,user16
6,0,0,0,29,73,0,0,20,0,0,0,46,0,0,8,61,14,0,1,0,83,12,84,0,11,104,2,0,0,0,269,45,0,0,0,0,0,0,0,10,0,0,37,21,171,29,0,179,0,0,0,6,0,6,5,111,0,90,0,0,0,55,6,72,24,0,0,0,user16
12,0,0,0,4,24,0,0,25,0,0,0,56,0,5,21,83,33,0,1,2,120,14,116,0,10,111,2,0,0,0,179,34,0,0,0,0,0,8,0,0,0,0,34,21,105,13,10,129,0,0,0,8,0,9,5,123,0,109,0,0,0,55,6,77,29,0,0,0,user16
-1,-1,-1,-1,-1,-1,-1,-1,-1,-1,-1,-1,-1,-1,-1,-1,-1,-1,-1,-1,-1,-1,-1,-1,-1,-1,-1,-1,-1,-1,-1,-1,-1,-1,-1,-1,-1,-1,-1,-1,-1,-1,-1,-1,-1,-1,-1,-1,-1,-1,-1,-1,-1,-1,-1,-1,-1,-1,-1,-1,-1,-1,-1,-1,-1,-1,-1,-1,-1,user16
-1,-1,-1,-1,-1,-1,-1,-1,-1,-1,-1,-1,-1,-1,-1,-1,-1,-1,-1,-1,-1,-1,-1,-1,-1,-1,-1,-1,-1,-1,-1,-1,-1,-1,-1,-1,-1,-1,-1,-1,-1,-1,-1,-1,-1,-1,-1,-1,-1,-1,-1,-1,-1,-1,-1,-1,-1,-1,-1,-1,-1,-1,-1,-1,-1,-1,-1,-1,-1,user16
11,0,0,1,0,4,0,0,31,3,0,0,0,1,5,14,1,19,2,0,0,0,0,43,0,0,4,0,1,1,1,83,6,1,1,0,2,1,10,0,2,0,0,10,0,73,8,15,14,1,1,0,0,1,2,8,28,3,1,8,0,0,0,0,2,8,3,3,0,user16
4,0,0,0,4,14,0,0,4,0,0,0,46,0,0,8,59,14,0,1,0,82,12,84,0,10,83,2,0,0,0,126,26,0,0,0,0,0,0,0,0,0,0,29,21,18,11,0,98,0,0,0,6,0,3,5,95,0,81,0,0,0,55,6,53,24,0,0,0,user16
3,0,1,28,25,48,0,3,5,24,1,9,21,10,0,6,69,18,24,5,2,26,0,62,28,4,82,0,0,13,13,207,37,13,13,0,23,21,2,8,5,0,3,20,7,148,70,2,39,13,13,0,0,15,6,3,253,0,38,5,0,0,40,20,12,24,0,0,0,user2
1,0,0,0,0,0,0,0,0,0,0,0,0,0,0,0,0,0,0,0,0,0,0,0,0,0,1,0,0,0,0,0,0,0,0,0,0,0,0,0,0,0,0,2,0,0,0,0,0,0,0,0,0,0,0,0,8,0,0,0,0,0,0,0,0,0,0,0,0,user2
5,0,0,0,0,17,0,0,0,0,0,0,0,0,0,0,10,0,0,0,0,6,0,0,0,0,6,0,0,0,0,12,0,0,0,0,0,0,0,0,0,0,0,0,0,14,8,0,6,0,0,0,0,0,0,0,8,0,2,0,0,0,0,0,0,0,0,0,0,user2
5,0,0,4,3,106,2,7,56,3,0,3,35,0,2,8,55,51,153,13,1,41,8,238,160,3,156,0,8,126,126,646,60,126,126,0,126,4,11,1,10,0,0,89,62,292,42,15,73,126,126,0,13,2,11,4,349,0,103,5,0,0,177,121,99,112,2,2,7,user2
13,0,0,0,0,7,0,0,14,0,0,0,0,0,0,30,20,12,0,0,0,25,0,49,0,0,16,0,0,0,0,43,4,0,0,0,0,0,7,0,4,0,0,4,0,58,4,17,54,0,0,0,0,0,0,0,8,0,6,3,0,0,0,0,4,0,0,0,0,user2
5,0,0,0,6,11,0,2,0,0,0,0,0,0,0,0,8,3,0,0,0,11,0,4,0,0,12,0,0,0,0,29,6,0,0,0,0,0,0,0,6,0,0,0,0,37,6,0,11,0,0,0,0,0,0,0,8,0,1,2,0,0,0,0,6,0,0,0,0,user2
12,0,0,0,0,11,0,0,33,0,0,0,0,0,1,17,0,12,0,0,0,0,0,49,0,0,8,0,0,0,0,96,1,0,0,0,0,0,4,0,0,0,0,4,1,80,11,14,17,0,0,0,0,0,5,0,12,0,2,1,0,0,2,0,0,6,0,0,0,user2
7,0,0,2,0,61,4,5,1,1,0,1,28,1,1,0,29,16,96,1,0,43,3,54,125,0,50,5,12,81,81,114,8,81,81,0,82,9,0,17,0,15,0,34,4,113,45,0,77,81,81,1,6,1,31,0,144,1,18,1,0,0,35,99,16,14,20,20,5,user2
6,0,0,0,24,37,0,2,12,0,0,0,46,0,2,24,71,17,0,1,0,95,12,104,0,11,105,2,0,0,0,203,39,0,0,0,0,0,2,0,11,0,0,33,21,101,23,2,133,0,0,0,6,0,5,5,115,0,87,4,0,0,55,6,64,24,0,0,0,user2
6,0,0,0,25,56,0,0,38,0,0,0,56,0,5,19,91,32,0,1,2,132,14,113,0,16,135,2,0,0,0,269,53,0,0,0,0,0,8,0,11,0,0,40,21,212,35,10,170,0,0,0,8,0,9,5,139,0,119,0,0,0,55,6,91,28,0,0,0,user2
4,0,0,0,0,16,4,0,0,0,0,0,1,0,0,0,3,8,0,0,0,4,0,10,0,0,2,4,3,0,0,21,0,0,0,0,0,3,0,0,0,15,0,28,2,22,20,0,5,0,0,1,0,0,26,0,68,1,1,3,0,0,2,0,0,1,18,18,0,user2
6,0,0,0,0,18,4,0,2,0,0,0,1,0,0,7,10,11,0,0,0,11,0,20,0,0,7,4,3,0,0,31,1,0,0,0,0,3,1,0,1,15,0,28,2,42,21,3,19,0,0,1,0,0,26,0,73,1,2,4,0,0,2,0,1,1,18,18,0,user2
4,0,0,0,4,30,4,0,4,0,0,0,47,0,0,8,61,20,0,1,0,85,12,92,0,10,85,6,3,0,0,145,26,0,0,0,0,3,0,0,0,15,0,57,23,34,31,0,102,0,0,1,6,0,29,5,162,1,82,2,0,0,57,6,53,25,18,18,0,user2
7,0,1,40,29,137,2,3,26,44,1,9,21,17,12,14,129,70,40,5,2,24,0,125,44,3,100,0,0,29,29,427,40,29,29,0,46,8,7,6,10,0,3,29,7,475,92,7,47,29,29,0,0,21,6,4,465,0,44,3,0,0,40,36,19,24,0,0,0,user3
11,0,0,1,5,6,0,0,7,3,0,0,0,1,0,0,1,58,2,0,0,0,0,68,0,0,3,0,1,1,1,146,10,1,1,0,2,1,5,0,3,0,0,2,0,161,30,4,0,1,1,0,0,1,0,0,6,0,1,25,0,0,0,0,3,0,0,0,0,user3
5,0,0,0,0,1,0,0,0,0,0,0,0,0,0,1,10,0,0,0,0,2,0,1,0,0,6,0,0,0,0,2,1,0,0,0,0,0,0,0,1,0,0,0,0,2,1,0,2,0,0,0,0,0,0,0,6,0,0,0,0,0,0,0,1,0,0,0,0,user3
5,0,0,1,0,2,0,0,3,3,0,0,0,1,0,5,1,5,2,0,0,4,0,10,0,0,3,0,1,1,1,16,7,1,1,0,2,1,0,0,0,0,0,2,0,15,3,0,9,1,1,0,0,1,0,0,6,0,1,4,0,0,0,0,0,2,0,0,0,user3
5,0,0,1,0,6,0,0,2,3,0,0,0,1,0,6,1,7,2,0,0,0,0,15,0,0,4,0,1,1,1,35,6,1,1,0,2,1,0,0,2,0,0,2,0,25,8,0,6,1,1,0,0,1,0,0,6,0,1,3,0,0,0,0,2,0,0,0,1,user3
17,0,0,1,0,2,0,0,62,7,2,0,0,3,0,50,5,49,4,0,0,0,0,99,0,0,17,0,1,3,3,181,37,3,3,0,6,1,44,0,0,0,0,2,0,176,2,53,50,3,3,0,0,1,0,0,18,0,7,38,0,0,0,0,0,0,0,0,0,user3
10,0,0,1,0,3,0,0,6,3,0,0,0,1,0,6,1,9,2,0,0,4,0,21,0,0,5,0,1,1,1,47,7,1,1,0,2,1,2,0,0,0,0,2,0,33,5,4,10,1,1,0,0,1,0,0,6,0,2,2,0,0,0,0,2,2,0,0,2,user3
8,0,0,1,0,19,4,0,9,3,0,0,1,1,0,7,1,9,2,0,0,4,0,22,0,0,6,4,4,1,1,47,4,1,1,0,2,4,4,0,1,15,0,31,2,38,23,4,12,1,1,1,0,1,26,0,72,1,2,4,0,0,2,0,1,3,18,18,1,user3
5,0,0,1,0,2,0,0,6,3,0,0,0,1,0,5,1,7,2,0,0,4,0,14,0,0,3,0,1,1,1,30,7,1,1,0,2,1,3,0,0,0,0,2,0,26,2,3,9,1,1,0,0,1,0,0,6,0,1,1,0,0,0,0,0,2,0,0,1,user3
5,0,0,0,17,62,2,8,21,0,0,0,0,0,0,30,0,23,0,0,0,0,0,68,0,0,15,0,0,0,0,187,18,0,0,0,0,0,0,0,6,0,0,14,0,188,15,0,30,0,0,0,0,0,6,0,34,0,10,8,0,0,0,0,10,0,0,0,1,user3
6,0,0,1,4,4,0,0,10,3,0,0,0,1,0,23,1,41,2,0,0,4,0,71,0,0,3,0,1,1,1,135,7,1,1,0,2,1,0,0,2,0,0,2,0,127,8,0,27,1,1,0,0,1,1,0,8,0,2,17,0,0,0,0,2,2,0,0,1,user3
5,0,0,0,0,17,0,0,0,0,0,0,0,0,0,0,10,0,0,0,0,6,0,0,0,0,6,0,0,0,0,12,0,0,0,0,0,0,0,0,0,0,0,0,0,14,8,0,6,0,0,0,0,0,0,0,8,0,2,0,0,0,0,0,0,0,0,0,0,user3
5,0,0,1,0,5,0,0,0,3,0,0,0,1,0,0,1,0,2,0,0,0,0,0,0,0,2,0,1,1,1,8,3,1,1,0,2,1,0,0,1,0,0,2,0,6,6,0,0,1,1,0,0,1,0,0,8,0,1,0,0,0,0,0,1,0,0,0,0,user3
5,0,0,0,0,17,0,0,0,0,0,0,0,0,0,0,10,0,0,0,0,6,0,0,0,0,6,0,0,0,0,12,0,0,0,0,0,0,0,0,0,0,0,0,0,14,8,0,6,0,0,0,0,0,0,0,8,0,2,0,0,0,0,0,0,0,0,0,0,user3
4,0,0,0,0,4,0,0,0,0,0,0,0,0,0,0,20,0,0,0,0,2,0,0,0,0,15,0,0,0,0,8,9,0,0,0,0,0,0,0,3,0,0,2,0,7,3,0,2,0,0,0,0,0,0,0,4,0,0,0,0,0,0,0,3,0,0,0,0,user3
4,0,0,1,0,2,0,0,0,3,0,0,0,1,0,0,1,0,2,0,0,0,0,1,0,0,2,0,1,1,1,5,4,1,1,0,2,1,0,0,0,0,0,2,0,5,3,0,0,1,1,0,0,1,1,0,8,0,1,0,0,0,0,0,0,0,0,0,0,user3
5,0,0,0,6,15,0,2,0,0,0,0,0,0,0,0,8,3,0,0,0,14,0,6,0,0,15,0,0,0,0,33,6,0,0,0,0,0,0,0,6,0,0,0,0,48,7,0,14,0,0,0,0,0,1,0,8,0,2,1,0,0,0,0,6,0,0,0,0,user3
9,0,0,1,0,19,0,0,43,3,0,0,0,1,1,25,1,40,2,0,0,0,0,90,0,0,21,0,1,1,1,186,13,1,1,0,2,1,12,0,1,0,0,5,1,149,19,24,25,1,1,0,0,1,1,0,17,0,3,12,0,0,2,0,1,6,0,0,0,user3
7,0,0,2,0,68,4,5,1,1,0,1,28,1,1,0,29,15,96,1,0,49,3,55,125,0,51,5,9,81,81,134,10,81,81,0,82,9,0,17,5,15,0,34,4,117,54,0,82,81,81,1,6,1,36,0,144,1,18,1,0,0,35,99,23,14,20,20,0,user3
5,0,0,1,0,3,0,0,1,3,0,0,0,1,0,10,1,7,2,0,0,0,0,17,0,0,6,0,1,1,1,34,2,1,1,0,2,1,0,0,1,0,0,2,0,26,9,0,10,1,1,0,0,1,0,0,6,0,1,7,0,0,0,0,1,0,0,0,0,user3
10,0,0,1,1,2,0,0,13,3,0,0,0,1,0,20,1,175,2,0,0,0,0,198,0,0,14,0,1,1,1,383,11,1,1,0,2,1,6,0,0,0,0,3,0,370,26,6,20,1,1,0,0,1,2,0,7,0,2,59,0,0,0,0,0,0,0,0,0,user3
12,0,0,0,24,43,0,2,16,0,0,0,46,0,4,8,71,17,0,1,0,98,12,90,0,11,111,2,0,0,0,208,39,0,0,0,0,0,4,0,11,0,0,33,21,132,25,4,135,0,0,0,6,0,6,5,115,0,87,5,0,0,55,6,64,24,0,0,0,user3
10,0,0,1,0,2,0,0,6,3,0,0,0,1,0,2,1,30,2,0,0,0,0,32,0,0,1,0,1,1,1,70,10,1,1,0,2,1,5,0,0,0,0,2,0,90,18,5,2,1,1,0,0,1,0,0,6,0,1,12,0,0,0,0,1,0,0,0,0,user3
12,0,0,0,25,65,0,0,10,0,0,0,46,0,1,10,67,14,0,1,4,92,12,86,0,10,107,2,0,0,0,226,43,0,0,0,0,0,5,0,5,0,0,37,21,132,32,5,137,0,0,0,6,0,6,5,115,0,88,1,0,0,55,6,66,24,0,0,6,user3
4,0,0,0,0,16,4,0,0,0,0,0,1,0,0,1,3,2,0,0,0,2,0,5,0,0,2,4,3,0,0,18,0,0,0,0,0,3,0,0,0,15,0,28,2,11,20,0,3,0,0,1,0,0,26,0,68,1,1,1,0,0,2,0,0,1,18,18,0,user3
3,0,0,1,0,18,4,0,0,3,0,0,1,1,0,0,1,0,2,0,0,0,0,2,0,0,3,4,4,1,1,15,8,1,1,0,2,4,0,0,0,15,0,31,2,10,22,0,1,1,1,1,0,1,27,0,75,1,2,0,0,0,2,0,0,1,18,18,0,user3
6,0,0,0,0,18,4,0,2,0,0,0,1,0,0,7,10,4,0,0,0,8,0,13,0,0,7,4,3,0,0,27,1,0,0,0,0,3,1,0,1,15,0,28,2,28,21,3,14,0,0,1,0,0,26,0,73,1,2,1,0,0,2,0,1,1,18,18,0,user3
4,0,0,0,4,29,4,0,4,0,0,0,47,0,0,8,61,20,0,1,0,85,12,92,0,10,85,6,3,0,0,145,26,0,0,0,0,3,0,0,0,15,0,57,23,32,31,0,102,0,0,1,6,0,29,5,162,1,82,2,0,0,57,6,53,26,18,18,0,user3
11,0,0,0,18,37,0,0,4,0,0,0,0,0,0,2,0,10,0,0,0,0,0,14,0,4,19,0,0,0,0,97,12,0,0,0,0,0,4,0,3,0,0,12,0,116,30,4,2,0,0,0,0,0,9,0,20,0,9,2,0,0,0,0,4,0,0,0,1,user4
4,0,0,1,0,2,0,0,2,3,0,0,0,1,0,0,1,3,2,0,0,0,0,4,0,0,1,0,1,1,1,11,0,1,1,0,2,1,1,0,0,0,0,2,0,12,2,1,0,1,1,0,0,1,0,0,6,0,1,2,0,0,0,0,0,0,0,0,0,user4
13,0,0,1,0,4,0,0,23,3,0,0,0,1,0,11,1,7,2,0,4,4,0,21,0,0,2,0,1,1,1,33,6,1,1,0,2,1,7,0,1,0,0,2,0,49,6,16,15,1,1,0,0,1,0,0,8,0,1,13,0,0,0,0,1,2,0,0,0,user4
12,0,0,1,0,2,0,0,34,5,1,0,0,2,0,18,3,21,3,0,4,0,0,39,0,0,8,0,1,2,2,77,16,2,2,0,4,1,20,0,0,0,0,2,0,76,2,27,18,2,2,0,0,1,0,0,12,0,3,20,0,0,0,0,0,0,0,0,0,user4
5,0,0,1,0,6,0,0,12,3,0,0,0,1,0,8,1,14,2,0,0,4,0,26,0,0,6,0,1,1,1,63,15,1,1,0,2,1,5,0,0,0,0,2,0,47,7,6,16,1,1,0,0,1,1,0,6,0,1,1,0,0,0,0,1,2,0,0,2,user4
11,0,0,1,0,2,0,0,9,3,0,0,0,1,0,0,1,2,2,0,0,4,0,2,0,0,1,0,1,1,1,4,1,1,1,0,2,1,1,0,0,0,0,2,0,12,2,4,4,1,1,0,0,1,0,0,6,0,1,4,0,0,0,0,0,2,0,0,0,user4
5,0,0,1,0,2,0,0,7,3,0,0,0,1,0,4,1,10,2,0,0,4,0,18,0,0,5,0,1,1,1,37,11,1,1,0,2,1,3,0,0,0,0,4,0,34,3,3,8,1,1,0,0,1,0,0,6,0,1,4,0,0,0,0,0,2,0,0,1,user4
7,0,0,0,2,26,0,5,22,0,0,0,0,0,0,14,0,0,0,0,0,0,0,26,0,0,11,0,0,0,0,68,6,0,0,0,0,0,0,0,2,0,0,10,0,73,5,0,14,0,0,0,0,0,9,0,24,0,8,0,0,0,0,0,2,0,0,0,0,user4
9,0,0,1,10,13,1,0,11,3,0,0,0,1,0,7,1,45,2,0,0,4,0,63,0,0,8,0,1,1,1,144,12,1,1,0,2,1,0,0,3,0,0,2,0,148,14,0,11,1,1,0,0,1,1,0,8,0,1,17,0,0,0,0,4,2,0,0,1,user4
5,0,0,0,0,17,0,0,0,0,0,0,0,0,0,0,10,0,0,0,0,6,0,0,0,0,6,0,0,0,0,12,0,0,0,0,0,0,0,0,0,0,0,0,0,14,8,0,6,0,0,0,0,0,0,0,8,0,2,0,0,0,0,0,0,0,0,0,0,user4
8,0,0,1,0,2,0,0,10,3,0,0,0,1,1,4,1,4,2,0,2,0,0,12,0,0,1,0,1,1,1,24,1,1,1,0,2,1,3,0,0,0,0,2,0,20,2,8,4,1,1,0,0,1,0,0,8,0,1,3,0,0,0,0,0,0,0,0,0,user4
5,0,0,1,0,5,0,0,1,3,0,0,0,1,0,4,1,12,2,0,0,0,0,16,0,0,2,0,1,1,1,31,3,1,1,0,2,1,0,0,1,0,0,2,0,30,6,0,4,1,1,0,0,1,0,0,8,0,1,5,0,0,0,0,1,0,0,0,0,user4
5,0,0,0,0,17,0,0,0,0,0,0,0,0,0,0,10,0,0,0,0,6,0,0,0,0,6,0,0,0,0,12,0,0,0,0,0,0,0,0,0,0,0,0,0,14,8,0,6,0,0,0,0,0,0,0,8,0,2,0,0,0,0,0,0,0,0,0,0,user4
9,0,0,0,2,13,0,1,0,0,0,0,0,0,0,9,2,8,0,0,0,11,0,18,0,0,6,0,0,0,0,29,5,0,0,0,0,0,1,0,4,0,0,1,0,44,7,1,20,0,0,0,0,0,4,0,0,0,0,0,0,0,0,0,4,0,0,0,0,user4
12,0,0,1,0,59,8,0,79,3,0,0,2,1,2,28,1,61,2,0,0,4,0,143,0,0,32,8,7,1,1,332,21,1,1,0,2,7,13,0,1,30,0,70,6,268,68,34,34,1,1,2,1,1,60,0,164,2,8,15,0,0,8,0,1,16,36,36,0,user4
-1,-1,-1,-1,-1,-1,-1,-1,-1,-1,-1,-1,-1,-1,-1,-1,-1,-1,-1,-1,-1,-1,-1,-1,-1,-1,-1,-1,-1,-1,-1,-1,-1,-1,-1,-1,-1,-1,-1,-1,-1,-1,-1,-1,-1,-1,-1,-1,-1,-1,-1,-1,-1,-1,-1,-1,-1,-1,-1,-1,-1,-1,-1,-1,-1,-1,-1,-1,-1,user4
-1,-1,-1,-1,-1,-1,-1,-1,-1,-1,-1,-1,-1,-1,-1,-1,-1,-1,-1,-1,-1,-1,-1,-1,-1,-1,-1,-1,-1,-1,-1,-1,-1,-1,-1,-1,-1,-1,-1,-1,-1,-1,-1,-1,-1,-1,-1,-1,-1,-1,-1,-1,-1,-1,-1,-1,-1,-1,-1,-1,-1,-1,-1,-1,-1,-1,-1,-1,-1,user4
5,0,0,1,0,2,0,0,3,3,0,0,0,1,0,6,1,9,2,0,0,4,0,16,0,0,2,1,1,1,1,27,3,1,1,0,2,1,0,0,0,0,0,2,0,29,8,0,10,1,1,0,0,1,2,0,8,0,1,6,0,0,0,0,0,2,0,0,0,user4
5,0,0,1,0,2,0,0,6,3,0,0,0,1,0,30,1,56,2,0,0,0,0,86,0,0,3,0,1,1,1,141,10,1,1,0,2,1,10,0,0,0,0,2,0,118,14,10,30,1,1,0,0,1,0,0,6,0,1,18,0,0,0,0,0,0,0,0,0,user4
10,0,0,1,1,2,0,0,13,3,0,0,0,1,0,21,1,175,2,0,0,0,0,199,0,0,14,0,1,1,1,384,11,1,1,0,2,1,6,0,0,0,0,3,0,371,27,6,21,1,1,0,0,1,2,0,9,0,2,59,0,0,0,0,0,0,0,0,0,user4
6,0,0,0,17,30,0,0,12,0,0,0,46,0,2,8,62,14,0,1,0,83,12,84,0,10,95,2,0,0,0,176,34,0,0,0,0,0,2,0,5,0,0,33,21,79,18,2,120,0,0,0,6,0,3,5,106,0,84,2,0,0,55,6,58,24,0,0,0,user4
8,0,0,1,0,2,0,0,2,3,0,0,0,1,0,0,1,16,2,0,0,0,0,16,0,0,1,0,1,1,1,37,4,1,1,0,2,1,3,0,0,0,0,2,0,49,10,3,0,1,1,0,0,1,1,0,6,0,1,5,0,0,0,0,1,0,0,0,0,user4
-1,-1,-1,-1,-1,-1,-1,-1,-1,-1,-1,-1,-1,-1,-1,-1,-1,-1,-1,-1,-1,-1,-1,-1,-1,-1,-1,-1,-1,-1,-1,-1,-1,-1,-1,-1,-1,-1,-1,-1,-1,-1,-1,-1,-1,-1,-1,-1,-1,-1,-1,-1,-1,-1,-1,-1,-1,-1,-1,-1,-1,-1,-1,-1,-1,-1,-1,-1,-1,user4
6,0,0,0,20,36,0,0,12,0,0,0,46,0,0,10,61,14,0,1,0,83,12,86,0,16,100,2,0,0,0,203,36,0,0,0,0,0,0,0,6,0,0,37,21,92,22,0,135,0,0,0,6,0,3,5,111,0,86,0,0,0,55,6,60,24,0,0,0,user4
11,0,0,1,0,19,4,0,55,3,0,0,1,1,0,15,4,7,2,0,0,0,0,26,0,0,4,4,4,1,1,68,10,1,1,0,2,4,15,0,1,15,0,31,2,85,31,30,16,1,1,1,0,1,28,0,78,1,2,24,0,0,2,0,16,1,18,18,0,user4
18,0,0,0,0,2,0,0,2,0,0,0,0,0,0,3,2,2,0,0,0,4,0,5,0,0,2,0,0,0,0,7,1,0,0,0,0,0,1,0,1,0,0,0,0,14,1,3,7,0,0,0,0,0,0,0,2,0,0,0,0,0,0,0,1,0,0,0,0,user4
4,0,0,0,4,14,0,0,4,0,0,0,46,0,0,8,59,14,0,1,0,82,12,84,0,10,83,2,0,0,0,126,26,0,0,0,0,0,0,0,0,0,0,29,21,18,11,0,98,0,0,0,6,0,3,5,95,0,81,0,0,0,55,6,53,24,0,0,0,user4
5,0,1,40,18,118,0,3,21,44,1,9,21,17,0,21,129,68,40,5,2,24,0,134,44,2,104,0,0,29,29,394,33,29,29,0,46,8,5,6,8,0,3,31,7,426,68,5,54,29,29,0,0,21,14,4,467,0,39,6,0,0,40,36,19,24,0,0,2,user5
11,0,0,1,0,2,0,0,6,3,0,0,0,1,0,2,1,5,2,0,0,0,0,9,0,0,2,0,1,1,1,22,7,1,1,0,2,1,4,0,0,0,0,2,0,20,2,4,2,1,1,0,0,1,0,0,6,0,1,2,0,0,0,0,0,0,0,0,0,user5
4,0,0,0,0,0,0,0,2,0,0,0,0,0,0,0,6,0,0,0,0,3,0,0,0,0,3,0,0,0,0,0,0,0,0,0,0,0,0,0,0,0,0,0,0,1,0,0,3,0,0,0,0,0,0,0,0,0,3,0,0,0,0,0,0,0,0,0,0,user5
11,0,0,1,0,2,0,0,15,5,1,0,0,2,0,12,3,13,3,0,0,0,0,26,0,0,7,0,1,2,2,51,11,2,2,0,4,1,14,0,0,0,0,2,0,45,2,13,12,2,2,0,0,1,0,0,12,0,3,11,0,0,0,0,0,0,0,0,0,user5
17,0,0,1,0,2,0,0,20,5,1,0,0,2,0,18,3,10,3,0,4,0,0,29,0,0,5,0,1,2,2,41,6,2,2,0,4,1,13,0,0,0,0,2,0,49,2,27,18,2,2,0,0,1,0,0,12,0,5,9,0,0,0,0,0,0,0,0,0,user5
6,0,0,1,0,2,0,0,8,3,0,0,0,1,0,6,1,6,2,0,0,0,0,13,0,0,2,0,1,1,1,28,5,1,1,0,2,1,7,0,0,0,0,2,0,24,2,7,6,1,1,0,0,1,0,0,6,0,1,6,0,0,0,0,0,0,0,0,0,user5
7,0,0,1,0,5,0,1,9,3,0,0,0,1,0,8,1,14,2,0,0,4,0,27,0,0,9,0,1,1,1,60,14,1,1,0,2,1,5,0,0,0,0,2,0,46,6,6,16,1,1,0,0,1,0,0,6,0,1,2,0,0,0,0,2,2,0,0,2,user5
4,0,0,0,4,27,0,0,6,0,0,0,46,0,0,8,73,14,0,1,0,96,12,84,0,10,92,2,0,0,0,129,26,0,0,0,0,0,0,0,0,0,0,29,21,32,15,0,112,0,0,0,6,0,4,5,101,0,84,0,0,0,55,6,53,24,0,0,0,user5
6,0,0,0,0,2,0,0,7,0,0,0,0,0,0,3,4,4,0,0,1,2,0,8,0,0,5,0,0,0,0,22,11,0,0,0,0,0,1,0,0,0,0,0,0,18,1,2,5,0,0,0,0,0,0,0,0,0,0,2,0,0,0,0,3,0,0,0,1,user5
4,0,0,0,14,42,1,4,0,0,0,0,20,0,0,0,26,16,3,0,0,12,2,88,2,2,37,0,0,2,2,256,51,2,2,0,2,0,0,0,5,0,0,21,12,85,36,0,35,2,2,0,9,0,3,2,135,0,43,5,0,0,21,5,22,32,0,0,2,user5
3,0,0,1,0,2,0,0,0,3,0,0,0,1,0,0,1,0,2,0,0,0,0,1,0,0,1,0,1,1,1,6,1,1,1,0,2,1,0,0,0,0,0,2,0,6,2,0,0,1,1,0,0,1,0,0,6,0,1,1,0,0,0,0,0,0,0,0,0,user5
1,0,0,0,0,0,0,0,0,0,0,0,0,0,0,0,0,0,0,0,0,0,0,0,0,0,0,0,0,0,0,0,0,0,0,0,0,0,0,0,0,0,0,0,0,0,0,0,0,0,0,0,0,0,0,0,0,0,0,0,0,0,0,0,0,0,0,0,0,user5
4,0,0,0,14,42,1,4,0,0,0,0,20,0,0,0,26,16,3,0,0,12,2,88,2,2,37,0,0,2,2,256,51,2,2,0,2,0,0,0,5,0,0,21,12,85,36,0,35,2,2,0,9,0,3,2,135,0,43,5,0,0,21,5,22,32,0,0,2,user5
1,0,0,0,0,0,0,0,0,0,0,0,0,0,0,0,0,0,0,0,0,0,0,0,0,0,0,0,0,0,0,0,0,0,0,0,0,0,0,0,0,0,0,0,0,0,0,0,0,0,0,0,0,0,0,0,0,0,0,0,0,0,0,0,0,0,0,0,0,user5
12,0,0,1,0,54,8,0,74,3,0,0,2,1,2,45,1,45,2,0,0,0,0,144,0,4,28,8,7,1,1,302,11,1,1,0,2,7,14,0,0,30,0,70,6,252,74,33,47,1,1,2,0,1,64,0,164,2,7,11,0,0,8,0,0,14,36,36,0,user5
1,0,0,0,0,0,0,0,0,0,0,0,0,0,0,0,0,0,0,0,0,0,0,0,0,0,0,0,0,0,0,0,0,0,0,0,0,0,0,0,0,0,0,0,0,0,0,0,0,0,0,0,0,0,0,0,0,0,0,0,0,0,0,0,0,0,0,0,0,user5
6,0,0,2,0,28,4,1,0,1,0,1,27,1,1,0,14,10,40,1,0,25,1,46,16,0,23,5,9,25,25,47,2,25,25,0,26,9,0,17,0,15,0,34,2,26,43,0,34,25,25,1,6,1,31,0,132,1,9,0,0,0,33,43,12,11,20,20,0,user5
1,0,0,1,24,90,10,4,0,3,0,0,42,1,0,0,53,30,8,0,0,24,4,175,4,4,53,8,7,5,5,491,80,5,5,0,6,7,0,0,10,30,0,74,18,162,84,0,72,5,5,2,18,1,54,4,346,2,73,11,0,0,36,10,38,60,36,36,0,user5
8,0,0,0,20,41,0,0,12,0,0,0,46,0,2,8,71,26,0,1,0,95,12,99,0,10,107,2,0,0,0,223,39,0,0,0,0,0,2,0,11,0,0,33,21,124,25,2,126,0,0,0,6,0,3,5,115,0,86,3,0,0,55,6,64,24,0,0,0,user5
6,0,0,1,0,2,0,0,0,3,0,0,0,1,0,0,1,0,2,0,0,0,0,1,0,0,1,0,1,1,1,5,5,1,1,0,2,1,0,0,0,0,0,2,0,10,7,0,0,1,1,0,0,1,0,0,6,0,1,1,0,0,0,0,2,0,0,0,0,user5
6,0,0,0,1,4,0,0,0,0,0,0,0,0,0,0,0,0,0,0,0,0,0,0,0,0,15,0,0,0,0,14,10,0,0,0,0,0,0,0,3,0,0,4,0,15,4,0,0,0,0,0,0,0,0,0,7,0,0,0,0,0,0,0,3,0,0,0,0,user5
4,0,0,0,0,16,4,0,0,0,0,0,1,0,0,0,3,7,0,0,0,4,0,9,0,0,2,4,3,0,0,19,0,0,0,0,0,3,0,0,0,15,0,28,2,20,20,0,5,0,0,1,0,0,26,0,68,1,1,3,0,0,2,0,0,1,18,18,0,user5
6,0,0,0,0,19,4,0,2,0,0,0,1,0,0,6,10,11,0,0,0,11,0,19,0,0,7,4,3,0,0,31,2,0,0,0,0,3,1,0,1,15,0,28,2,41,21,3,17,0,0,1,0,0,26,0,73,1,2,4,0,0,2,0,1,1,18,18,0,user5
4,0,0,0,4,30,4,0,4,0,0,0,47,0,0,8,61,19,0,1,0,85,12,91,0,10,85,6,3,0,0,143,26,0,0,0,0,3,0,0,0,15,0,57,23,32,31,0,102,0,0,1,6,0,29,5,162,1,82,2,0,0,57,6,53,25,18,18,0,user5
5,0,1,40,27,139,1,3,21,44,1,9,21,17,39,20,129,76,40,5,2,24,0,139,44,0,104,0,0,29,29,453,40,29,29,0,46,8,4,6,8,0,3,33,7,458,108,4,53,29,29,0,0,21,13,4,467,0,41,10,0,0,40,36,18,24,0,0,3,user6
11,0,0,1,24,29,0,0,14,3,0,0,0,1,0,2,1,53,2,0,0,0,2,75,0,0,9,0,1,1,1,198,16,1,1,0,2,1,9,0,1,0,0,19,1,196,56,7,2,1,1,3,0,1,0,0,40,0,5,15,0,0,2,1,2,1,3,3,0,user6
4,0,0,0,4,14,0,0,6,0,0,0,46,0,0,8,65,14,0,1,0,85,12,84,0,10,86,2,0,0,0,126,26,0,0,0,0,0,0,0,0,0,0,29,21,19,11,0,101,0,0,0,6,0,3,5,95,0,84,0,0,0,55,6,53,24,0,0,0,user6
9,0,0,0,0,3,0,0,10,0,0,0,0,0,0,9,10,9,0,0,0,12,0,21,0,0,8,0,0,0,0,32,3,0,0,0,0,0,3,0,2,0,0,0,0,34,3,6,21,0,0,0,0,0,0,0,6,0,0,1,0,0,0,0,2,0,0,0,0,user6
11,0,0,1,0,2,0,0,29,3,0,0,0,1,0,9,1,11,2,0,0,4,0,21,0,0,3,0,1,1,1,42,7,1,1,0,2,1,9,0,0,0,0,2,0,45,3,9,13,1,1,0,0,1,0,0,6,0,1,12,0,0,0,0,0,2,0,0,0,user6
13,0,0,1,0,6,0,0,24,3,0,0,0,1,0,12,1,9,2,0,4,0,0,24,0,0,4,1,1,1,1,48,8,1,1,0,2,1,5,0,2,0,0,2,0,55,8,14,12,1,1,0,0,1,1,0,6,0,1,16,0,0,0,0,2,0,0,0,1,user6
11,0,0,1,0,2,0,0,14,5,1,0,0,2,0,11,3,13,3,0,0,0,0,25,1,0,7,0,1,2,2,50,12,2,2,0,4,1,13,0,0,0,0,2,0,44,2,12,11,2,2,0,0,1,0,0,12,0,3,10,0,0,0,1,0,0,0,0,0,user6
-1,-1,-1,-1,-1,-1,-1,-1,-1,-1,-1,-1,-1,-1,-1,-1,-1,-1,-1,-1,-1,-1,-1,-1,-1,-1,-1,-1,-1,-1,-1,-1,-1,-1,-1,-1,-1,-1,-1,-1,-1,-1,-1,-1,-1,-1,-1,-1,-1,-1,-1,-1,-1,-1,-1,-1,-1,-1,-1,-1,-1,-1,-1,-1,-1,-1,-1,-1,-1,user6
13,0,0,1,0,8,0,8,24,5,1,0,0,2,0,28,3,8,3,0,0,0,0,37,1,0,19,0,1,2,2,56,15,2,2,0,4,1,15,0,0,0,0,2,0,69,8,23,28,2,2,0,0,1,0,0,12,0,9,7,0,0,0,1,0,0,0,0,0,user6
6,0,0,1,0,2,0,0,20,3,0,0,0,1,0,17,1,13,2,0,0,0,0,31,1,0,3,0,1,1,1,56,11,1,1,0,2,1,18,0,0,0,0,2,0,47,2,18,17,1,1,0,0,1,0,0,6,0,1,15,0,0,0,1,0,0,0,0,0,user6
11,0,0,1,0,2,0,0,8,3,0,0,0,1,0,6,1,7,2,0,0,4,0,15,0,0,3,0,1,1,1,28,8,1,1,0,2,1,3,0,0,0,0,2,0,25,2,3,10,1,1,0,0,1,0,0,6,0,1,3,0,0,0,0,0,2,0,0,1,user6
9,0,0,0,0,49,0,3,31,0,0,0,0,0,0,59,0,34,0,0,0,0,0,105,0,0,22,0,0,0,0,169,18,0,0,0,0,0,3,0,4,0,0,18,0,176,43,2,59,0,0,0,0,0,10,0,26,0,11,2,0,0,0,0,3,0,0,0,2,user6
11,0,0,1,0,4,0,0,15,3,0,0,0,1,0,32,1,78,2,0,0,4,0,116,0,0,5,1,1,1,1,181,8,1,1,0,2,1,4,0,2,0,0,2,0,185,14,4,36,1,1,0,0,1,0,0,6,0,1,26,0,0,0,0,4,2,0,0,1,user6
5,0,0,4,1,59,2,4,0,3,0,3,18,0,0,0,47,23,129,11,0,37,8,80,120,3,79,0,5,102,102,238,34,102,102,0,102,3,0,1,6,0,0,29,33,75,29,0,45,102,102,0,8,2,4,3,135,0,55,2,0,0,106,101,59,45,2,2,3,user6
5,0,0,1,0,5,0,0,1,3,0,0,0,1,0,4,1,12,2,0,0,0,0,17,0,0,2,0,1,1,1,32,3,1,1,0,2,1,0,0,1,0,0,2,0,32,6,0,4,1,1,0,0,1,0,0,8,0,1,6,0,0,0,0,1,0,0,0,0,user6
5,0,0,4,1,59,2,4,0,3,0,3,18,0,0,0,47,23,129,11,0,37,8,80,120,3,79,0,5,102,102,238,34,102,102,0,102,3,0,1,6,0,0,29,33,75,29,0,45,102,102,0,8,2,4,3,135,0,55,2,0,0,106,101,59,45,2,2,3,user6
10,0,0,0,0,13,0,0,17,0,0,0,0,0,0,29,20,22,0,0,0,31,0,59,0,0,14,0,0,0,0,59,6,0,0,0,0,0,7,0,4,0,0,0,0,88,5,16,59,0,0,0,0,0,4,0,0,0,4,3,0,0,0,0,4,0,0,0,0,user6
8,0,0,1,0,2,0,0,1,3,0,0,0,1,0,0,1,4,2,0,0,0,0,10,0,0,3,0,1,1,1,22,1,1,1,0,2,1,1,0,0,0,0,2,0,18,3,1,0,1,1,0,0,1,0,0,8,0,1,2,0,0,0,0,0,0,0,0,0,user6
5,0,0,0,0,14,0,0,38,0,0,0,0,0,0,16,0,17,0,0,1,0,0,54,0,0,13,0,0,0,0,122,8,0,0,0,0,0,8,0,1,0,0,10,1,91,13,18,16,0,0,0,0,0,6,0,18,0,3,1,0,0,2,0,1,6,0,0,0,user6
5,0,0,1,0,2,0,0,3,3,0,0,0,1,0,6,1,10,2,0,0,4,0,18,0,0,2,1,1,1,1,30,3,1,1,0,2,1,0,0,0,0,0,2,0,33,8,0,10,1,1,0,0,1,2,0,8,0,1,7,0,0,0,0,0,2,0,0,0,user6
5,0,0,0,6,13,0,2,0,0,0,0,0,0,0,0,8,4,0,0,0,11,0,7,0,0,12,0,0,0,0,36,6,0,0,0,0,0,0,0,6,0,0,0,0,44,7,0,11,0,0,0,0,0,1,0,8,0,2,1,0,0,0,0,6,0,0,0,0,user6
7,0,0,2,0,73,4,5,1,1,0,1,28,1,1,0,29,16,96,1,0,37,3,54,125,0,45,5,9,81,81,132,6,81,81,0,82,9,0,17,0,15,0,34,4,121,46,0,74,81,81,1,6,1,31,0,144,1,24,1,0,0,35,99,12,14,20,20,5,user6
4,0,0,1,0,2,0,0,1,3,0,0,0,1,0,12,1,2,2,0,0,0,0,15,0,0,1,0,1,1,1,22,1,1,1,0,2,1,0,0,0,0,0,2,0,12,11,0,12,1,1,0,0,1,0,0,6,0,1,1,0,0,0,0,0,0,0,0,0,user6
10,0,0,1,1,2,0,0,13,3,0,0,0,1,0,21,1,177,2,0,0,4,0,202,0,0,14,0,1,1,1,385,11,1,1,0,2,1,6,0,0,0,0,3,0,373,27,6,25,1,1,0,0,1,2,0,9,0,2,60,0,0,0,0,0,2,0,0,0,user6
12,0,0,0,18,44,0,2,14,0,0,0,46,0,3,11,71,24,0,1,0,97,12,100,0,11,110,2,0,0,0,220,39,0,0,0,0,0,3,0,11,0,0,33,21,123,26,3,129,0,0,0,7,0,4,5,115,0,87,4,0,0,55,6,64,24,0,0,0,user6
10,0,0,1,0,2,0,0,3,3,0,0,0,1,0,4,1,21,2,0,0,0,0,26,0,0,1,0,1,1,1,50,4,1,1,0,2,1,2,0,0,0,0,2,0,59,9,2,4,1,1,0,0,1,0,0,6,0,1,7,0,0,0,0,3,0,0,0,0,user6
12,0,0,0,22,53,0,0,14,0,0,0,46,0,1,13,67,29,0,1,0,96,12,105,0,12,102,2,0,0,0,243,42,0,0,0,0,0,1,0,8,0,0,33,21,146,27,1,139,0,0,0,6,0,6,5,107,0,88,6,0,0,55,6,66,24,0,0,0,user6
4,0,0,0,0,16,4,0,0,0,0,0,1,0,0,0,3,8,0,0,0,4,0,10,0,0,2,4,3,0,0,21,0,0,0,0,0,3,0,0,0,15,0,28,2,22,20,0,5,0,0,1,0,0,26,0,68,1,1,3,0,0,2,0,0,1,18,18,0,user6
11,0,0,2,0,21,4,0,110,6,0,0,1,2,0,29,5,11,4,0,0,0,0,48,0,0,5,4,5,2,2,117,19,2,2,0,4,5,30,0,1,15,0,33,2,158,41,60,30,2,2,1,0,2,30,0,86,1,3,50,0,0,2,0,30,1,18,18,0,user6
6,0,0,0,0,18,4,0,2,0,0,0,1,0,0,6,10,14,0,0,0,11,0,22,0,0,7,4,3,0,0,33,1,0,0,0,0,3,1,0,1,15,0,28,2,45,21,3,17,0,0,1,0,0,26,0,73,1,2,6,0,0,2,0,1,1,18,18,0,user6
4,0,0,0,4,30,4,0,4,0,0,0,47,0,0,8,61,20,0,1,0,85,12,92,0,10,85,6,3,0,0,145,26,0,0,0,0,3,0,0,0,15,0,57,23,34,31,0,102,0,0,1,6,0,29,5,162,1,82,2,0,0,57,6,53,25,18,18,0,user6
7,0,0,0,1,7,0,0,0,0,0,0,0,0,0,0,0,0,0,0,0,0,0,1,0,4,7,0,0,0,0,18,3,0,0,0,0,0,0,0,1,0,0,5,0,19,10,0,0,0,0,0,0,0,3,0,9,0,4,1,0,0,0,0,1,0,0,0,1,user7
2,0,0,1,0,2,0,0,0,3,0,0,0,1,0,0,1,0,2,0,0,0,0,0,0,0,1,0,1,1,1,4,0,1,1,0,2,1,0,0,0,0,0,2,0,4,2,0,0,1,1,0,0,1,0,0,6,0,1,0,0,0,0,0,0,0,0,0,0,user7
4,0,0,0,4,14,0,0,6,0,0,0,46,0,0,8,65,14,0,1,0,85,12,84,0,10,86,2,0,0,0,126,26,0,0,0,0,0,0,0,0,0,0,29,21,19,11,0,101,0,0,0,6,0,3,5,95,0,84,0,0,0,55,6,53,24,0,0,0,user7
12,0,0,0,0,4,1,0,4,0,0,0,0,0,0,11,10,13,0,0,0,13,0,27,0,0,9,0,0,0,0,35,3,0,0,0,0,0,3,0,2,0,0,1,0,44,3,6,23,0,0,0,0,0,0,0,8,0,1,5,0,0,0,0,2,0,0,0,0,user7
6,0,0,1,0,2,0,0,20,3,0,0,0,1,0,6,1,6,2,0,0,4,0,13,0,0,1,0,1,1,1,29,5,1,1,0,2,1,6,0,0,0,0,2,0,29,4,6,10,1,1,0,0,1,1,0,6,0,1,9,0,0,0,0,0,2,0,0,0,user7
6,0,0,1,0,6,0,0,0,3,0,0,0,1,0,0,1,1,2,0,0,0,0,3,0,0,3,0,1,1,1,12,8,1,1,0,2,1,0,0,2,0,0,2,0,11,8,0,0,1,1,0,0,1,0,0,8,0,1,1,0,0,0,0,2,0,0,0,0,user7
6,0,0,0,0,0,0,0,7,0,0,0,0,0,0,6,0,6,0,0,0,0,0,13,0,0,2,0,0,0,0,22,5,0,0,0,0,0,6,0,0,0,0,1,0,19,1,6,6,0,0,0,0,0,0,0,0,0,1,6,0,0,0,0,0,0,0,0,0,user7
18,0,0,1,0,2,0,0,20,5,1,0,0,2,0,19,3,11,3,0,4,0,0,30,0,0,10,0,1,2,2,42,6,2,2,0,4,1,14,0,0,0,0,2,0,50,2,27,19,2,2,0,0,1,0,0,12,0,5,9,0,0,0,0,0,0,0,0,0,user7
5,0,0,1,0,2,0,0,2,3,0,0,0,1,0,5,1,4,2,0,0,4,0,10,0,0,3,0,1,1,1,16,2,1,1,0,2,1,0,0,0,0,0,2,0,13,2,0,9,1,1,0,0,1,1,0,6,0,1,2,0,0,0,0,0,2,0,0,1,user7
5,0,0,1,0,2,0,0,8,3,0,0,0,1,0,8,1,26,2,0,0,0,0,34,0,0,3,0,1,1,1,50,5,1,1,0,2,1,0,0,0,0,0,2,0,62,18,0,8,1,1,0,0,1,1,0,8,0,1,14,0,0,0,0,0,0,0,0,0,user7
10,0,0,4,1,103,2,7,55,3,0,3,35,0,2,6,56,51,153,13,1,41,8,234,160,3,154,0,8,126,126,635,58,126,126,0,126,4,11,1,9,0,0,85,62,281,39,15,71,126,126,0,13,2,11,4,343,0,102,5,0,0,177,121,98,112,2,2,7,user7
5,0,0,1,0,5,0,0,0,3,0,0,0,1,0,0,1,0,2,0,0,0,0,0,0,0,2,0,1,1,1,8,3,1,1,0,2,1,0,0,1,0,0,2,0,6,6,0,0,1,1,0,0,1,0,0,8,0,1,0,0,0,0,0,1,0,0,0,0,user7
5,0,0,4,3,108,2,7,56,3,0,3,35,0,2,12,55,51,153,13,1,41,8,242,160,3,158,0,8,126,126,650,60,126,126,0,126,4,11,1,10,0,0,91,62,292,42,15,77,126,126,0,13,2,11,4,353,0,105,5,0,0,177,121,99,112,2,2,7,user7
4,0,0,0,4,30,0,0,39,0,0,0,56,0,5,45,103,45,0,1,2,145,14,159,0,10,126,2,0,0,0,218,38,0,0,0,0,0,15,0,4,0,0,36,21,161,17,27,177,0,0,0,8,0,9,5,127,0,114,1,0,0,55,6,81,29,0,0,0,user7
12,0,0,1,0,4,0,0,6,3,0,0,0,1,2,2,1,12,2,0,0,0,2,43,0,0,18,0,1,1,1,97,7,1,1,0,2,1,3,0,1,0,0,25,3,51,6,3,2,1,1,3,0,1,0,0,54,0,4,6,0,0,6,1,1,13,3,3,0,user7
5,0,0,1,0,2,0,0,3,3,0,0,0,1,0,7,1,9,2,0,0,4,0,17,0,0,2,1,1,1,1,28,3,1,1,0,2,1,0,0,0,0,0,2,0,29,8,0,11,1,1,0,0,1,2,0,8,0,1,6,0,0,0,0,0,2,0,0,0,user7
5,0,0,0,6,13,0,0,0,0,0,0,0,0,0,0,8,7,0,0,0,11,0,10,0,0,10,0,0,0,0,40,7,0,0,0,0,0,0,0,6,0,0,0,0,51,8,0,11,0,0,0,0,0,0,0,8,0,1,3,0,0,0,0,6,0,0,0,0,user7
7,0,0,2,0,71,4,3,1,1,0,1,51,1,5,1,49,30,94,1,0,64,5,128,125,3,64,6,8,80,80,176,25,80,80,0,81,8,0,17,1,15,0,34,6,108,47,0,124,80,80,1,6,1,32,0,164,1,24,0,0,0,36,102,24,35,20,20,4,user7
10,0,0,1,1,2,0,0,13,3,0,0,0,1,0,21,1,175,2,0,0,0,0,200,0,0,14,0,1,1,1,385,11,1,1,0,2,1,6,0,0,0,0,3,0,373,27,6,21,1,1,0,0,1,2,0,9,0,2,60,0,0,0,0,0,0,0,0,0,user7
6,0,0,0,23,53,0,0,33,0,0,0,56,0,7,21,94,36,0,1,2,132,14,120,0,11,132,2,0,0,0,264,48,0,0,0,0,0,10,0,11,0,0,36,21,209,27,12,168,0,0,0,8,0,9,5,138,0,112,4,0,0,55,6,88,28,0,0,0,user7
6,0,0,1,0,2,0,0,3,3,0,0,0,1,0,4,1,62,2,0,0,0,0,67,0,0,1,0,1,1,1,134,4,1,1,0,2,1,4,0,0,0,0,2,0,139,6,4,4,1,1,0,0,1,2,0,8,0,0,23,0,0,0,0,0,0,0,0,0,user7
6,0,0,0,22,47,0,0,16,0,0,0,46,0,0,8,67,18,0,1,0,95,12,89,0,11,104,2,0,0,0,219,45,0,0,0,0,0,0,0,10,0,0,37,21,119,27,0,135,0,0,0,6,0,3,5,115,0,90,0,0,0,55,6,66,24,0,0,0,user7
12,0,0,1,4,38,4,0,16,3,0,0,57,1,5,10,86,22,2,1,2,114,14,93,0,10,110,5,4,1,1,149,40,1,1,0,2,4,6,0,0,15,0,63,23,69,33,7,119,1,1,1,8,1,33,5,196,1,101,0,0,0,57,6,71,29,18,18,0,user7
2,0,0,0,0,16,4,0,0,0,0,0,1,0,0,0,8,0,0,0,0,0,0,2,0,0,5,4,3,0,0,11,1,0,0,0,0,3,0,0,0,15,0,28,2,6,20,0,1,0,0,1,0,0,26,0,71,1,1,0,0,0,2,0,0,1,18,18,0,user7
4,0,0,0,0,16,4,0,0,0,0,0,1,0,0,0,2,5,0,0,0,3,0,7,0,0,2,4,3,0,0,17,0,0,0,0,0,3,0,0,0,15,0,28,2,16,20,0,4,0,0,1,0,0,26,0,67,1,1,2,0,0,2,0,0,1,18,18,0,user7
6,0,1,40,24,151,6,3,16,44,1,9,21,17,0,49,129,22,42,5,2,24,0,122,46,6,107,0,0,31,31,399,48,31,31,0,48,8,3,6,8,0,3,35,7,420,94,3,82,31,31,0,0,21,31,4,479,0,47,14,0,0,40,36,17,24,0,0,3,user8
11,0,0,1,0,3,0,0,10,3,0,0,0,1,0,2,1,46,2,0,0,0,2,62,0,0,6,0,1,1,1,141,12,1,1,0,2,1,7,0,1,0,0,22,1,121,9,6,2,1,1,3,0,1,0,0,51,0,4,13,0,0,2,1,1,1,3,3,0,user8
4,0,0,0,4,14,0,0,6,0,0,0,46,0,0,8,65,14,0,1,0,85,12,84,0,10,86,2,0,0,0,126,26,0,0,0,0,0,0,0,0,0,0,29,21,19,11,0,101,0,0,0,6,0,3,5,95,0,84,0,0,0,55,6,53,24,0,0,0,user8
9,0,0,0,0,1,0,0,14,0,0,0,0,0,2,10,10,8,0,0,0,7,0,20,0,0,8,0,0,0,0,28,8,0,0,0,0,0,6,0,0,0,0,0,0,21,3,10,17,0,0,0,0,0,0,0,6,0,0,0,0,0,0,0,0,0,0,0,0,user8
7,0,0,1,0,2,0,0,49,3,0,0,0,1,0,18,1,19,2,0,3,4,0,38,0,0,1,0,1,1,1,73,13,1,1,0,2,1,15,0,0,0,0,2,0,82,8,23,22,1,1,0,0,1,0,0,6,0,1,23,0,0,0,0,0,2,0,0,0,user8
14,0,0,1,0,6,0,0,33,3,0,0,0,1,0,13,1,6,2,0,5,0,0,21,0,0,3,1,1,1,1,43,7,1,1,0,2,1,7,0,2,0,0,2,0,48,9,17,13,1,1,0,0,1,1,0,8,0,1,15,0,0,0,0,2,0,0,0,0,user8
-1,-1,-1,-1,-1,-1,-1,-1,-1,-1,-1,-1,-1,-1,-1,-1,-1,-1,-1,-1,-1,-1,-1,-1,-1,-1,-1,-1,-1,-1,-1,-1,-1,-1,-1,-1,-1,-1,-1,-1,-1,-1,-1,-1,-1,-1,-1,-1,-1,-1,-1,-1,-1,-1,-1,-1,-1,-1,-1,-1,-1,-1,-1,-1,-1,-1,-1,-1,-1,user8
11,0,0,1,0,2,0,0,8,5,1,0,0,2,0,6,3,8,3,0,0,0,0,14,1,0,5,0,1,2,2,31,7,2,2,0,4,1,7,0,0,0,0,2,0,27,2,7,6,2,2,0,0,1,0,0,12,0,3,5,0,0,0,1,0,0,0,0,0,user8
12,0,0,1,0,4,0,6,20,5,1,0,0,2,0,18,3,11,3,0,4,0,0,29,0,0,10,0,1,2,2,43,6,2,2,0,4,1,12,0,0,0,0,2,0,62,2,27,18,2,2,0,0,1,0,0,12,0,7,8,0,0,0,0,0,0,0,0,0,user8
6,0,0,1,0,2,0,0,8,3,0,0,0,1,0,6,1,5,2,0,0,0,0,11,1,0,2,0,1,1,1,26,6,1,1,0,2,1,7,0,0,0,0,2,0,19,2,7,6,1,1,0,0,1,0,0,6,0,1,4,0,0,0,1,0,0,0,0,0,user8
9,0,0,1,0,5,0,2,11,3,0,0,0,1,0,8,1,15,2,0,0,4,0,24,0,0,6,0,1,1,1,52,14,1,1,0,2,1,5,0,0,0,0,2,0,41,4,6,15,1,1,0,0,1,0,0,6,0,0,3,0,0,0,0,1,2,0,0,1,user8
5,0,0,1,0,2,0,0,7,3,0,0,0,1,0,4,1,11,2,0,0,4,0,17,0,0,3,0,1,1,1,37,8,1,1,0,2,1,3,0,0,0,0,2,0,34,2,3,8,1,1,0,0,1,0,0,6,0,1,3,0,0,0,0,0,2,0,0,1,user8
17,0,0,1,15,36,0,0,0,3,0,0,0,1,0,0,1,18,2,0,0,0,0,18,0,0,8,0,1,1,1,97,10,1,1,0,2,1,0,0,5,0,0,2,0,116,15,0,0,1,1,0,0,1,0,0,6,0,1,8,0,0,0,0,7,0,0,0,0,user8
2,0,0,0,0,3,0,5,0,0,0,0,0,0,0,0,0,0,0,0,0,0,0,3,0,0,22,1,0,0,0,17,35,0,0,0,0,0,0,0,0,0,0,17,0,18,8,0,0,0,0,0,0,0,1,0,28,0,8,0,0,0,0,0,0,0,0,0,0,user8
8,0,0,1,0,4,1,0,4,3,0,0,0,1,1,0,1,2,2,0,0,0,0,8,0,0,4,0,1,1,1,25,5,1,1,0,2,1,0,0,0,0,0,19,0,29,11,0,0,1,1,3,0,1,1,0,40,0,3,2,0,0,0,1,0,0,3,3,0,user8
1,0,0,0,0,0,0,0,0,0,0,0,0,0,0,0,0,0,0,0,0,0,0,0,0,0,0,0,0,0,0,0,0,0,0,0,0,0,0,0,0,0,0,0,0,0,0,0,0,0,0,0,0,0,0,0,0,0,0,0,0,0,0,0,0,0,0,0,0,user8
5,0,0,1,0,5,0,0,0,3,0,0,0,1,0,0,1,0,2,0,0,0,0,0,0,0,2,0,1,1,1,8,3,1,1,0,2,1,0,0,1,0,0,2,0,6,6,0,0,1,1,0,0,1,0,0,8,0,1,0,0,0,0,0,1,0,0,0,0,user8
1,0,0,0,0,0,0,0,0,0,0,0,0,0,0,0,0,0,0,0,0,0,0,0,0,0,0,0,0,0,0,0,0,0,0,0,0,0,0,0,0,0,0,0,0,0,0,0,0,0,0,0,0,0,0,0,0,0,0,0,0,0,0,0,0,0,0,0,0,user8
1,0,0,0,2,7,0,5,0,0,0,0,0,0,0,0,13,0,0,0,0,0,0,0,0,0,9,2,0,0,0,15,10,0,0,0,0,0,0,2,0,0,0,15,0,16,2,0,0,0,0,0,0,0,2,0,28,0,4,0,0,0,0,0,0,0,0,0,0,user8
8,0,0,1,0,2,0,0,5,3,0,0,0,1,0,3,1,26,2,0,0,0,0,36,0,0,8,0,1,1,1,73,3,1,1,0,2,1,2,0,0,0,0,2,0,88,27,2,3,1,1,0,0,1,0,0,6,0,1,11,0,0,0,0,0,0,0,0,0,user8
5,0,0,0,0,31,4,0,33,0,0,0,1,0,1,18,0,11,0,0,0,0,0,51,0,0,10,4,3,0,0,115,2,0,0,0,0,3,4,0,1,15,0,34,3,91,33,13,19,0,0,1,0,0,32,0,79,1,3,2,0,0,4,0,2,7,18,18,0,user8
4,0,0,1,0,2,0,0,0,3,0,0,0,1,0,0,1,0,2,0,0,0,0,1,0,0,2,0,1,1,1,5,3,1,1,0,2,1,0,0,0,0,0,2,0,5,3,0,0,1,1,0,0,1,1,0,8,0,1,0,0,0,0,0,0,0,0,0,0,user8
8,0,0,0,6,16,0,0,1,0,0,0,0,0,0,0,8,3,0,0,0,11,0,6,0,0,11,0,0,0,0,37,7,0,0,0,0,0,0,0,6,0,0,0,0,47,7,0,11,0,0,0,0,0,3,0,8,0,1,2,0,0,0,0,8,0,0,0,0,user8
7,0,0,2,0,54,4,5,1,1,0,1,28,1,1,0,29,15,96,1,0,44,3,53,125,0,46,5,12,81,81,106,6,81,81,0,82,9,0,17,0,15,0,34,4,99,44,0,76,81,81,1,6,1,31,0,144,1,24,1,0,0,35,99,14,14,20,20,5,user8
7,0,0,1,24,62,2,10,13,3,0,0,52,1,0,46,57,78,8,0,0,24,4,281,4,4,64,0,1,5,5,638,89,5,5,0,6,1,21,0,15,0,0,14,14,269,72,27,128,5,5,0,14,1,4,4,220,0,81,27,0,0,32,10,42,66,0,0,0,user8
3,0,0,0,0,0,0,0,0,0,0,0,0,0,0,0,0,0,0,0,0,0,0,0,0,0,14,0,0,0,0,0,11,0,0,0,0,0,0,0,0,0,0,2,0,0,1,0,0,0,0,0,0,0,1,0,3,0,1,0,0,0,0,0,0,0,0,0,0,user8
6,0,0,0,18,46,0,0,13,0,0,0,46,0,2,8,71,23,0,1,0,95,12,96,0,11,105,2,0,0,0,221,41,0,0,0,0,0,2,0,11,0,0,33,21,123,25,2,128,0,0,0,6,0,8,5,115,0,86,4,0,0,55,6,68,24,0,0,0,user8
11,0,0,1,0,2,0,0,2,3,0,0,0,1,0,5,1,25,2,0,0,0,0,30,0,0,1,0,1,1,1,56,3,1,1,0,2,1,4,0,0,0,0,2,0,65,8,4,5,1,1,0,0,1,1,0,6,0,1,9,0,0,0,0,0,0,0,0,0,user8
6,0,0,0,20,69,0,0,9,0,0,0,46,0,0,16,67,25,0,1,5,89,12,103,0,11,108,2,0,0,0,275,55,0,0,0,0,0,5,0,7,0,0,37,21,147,35,5,112,0,0,0,6,0,7,5,115,0,89,0,0,0,55,6,73,24,0,0,6,user8
4,0,0,0,0,16,4,0,0,0,0,0,1,0,0,0,3,7,0,0,0,4,0,9,0,0,2,4,3,0,0,19,0,0,0,0,0,3,0,0,0,15,0,28,2,20,20,0,5,0,0,1,0,0,26,0,68,1,1,3,0,0,2,0,0,1,18,18,0,user8
3,0,0,1,0,18,4,0,0,3,0,0,1,1,0,0,1,0,2,0,0,0,0,2,0,0,3,4,4,1,1,15,8,1,1,0,2,4,0,0,0,15,0,31,2,10,22,0,1,1,1,1,0,1,27,0,75,1,2,0,0,0,2,0,0,1,18,18,0,user8
-1,-1,-1,-1,-1,-1,-1,-1,-1,-1,-1,-1,-1,-1,-1,-1,-1,-1,-1,-1,-1,-1,-1,-1,-1,-1,-1,-1,-1,-1,-1,-1,-1,-1,-1,-1,-1,-1,-1,-1,-1,-1,-1,-1,-1,-1,-1,-1,-1,-1,-1,-1,-1,-1,-1,-1,-1,-1,-1,-1,-1,-1,-1,-1,-1,-1,-1,-1,-1,user8
