empty_lines,non_empty_lines,average_line_length,line_length_deviation,words,unique_words,chars,tabulators,spaces,tab_indents,space_indents,prefers_tabs_over_spaces,whitespace_to_character_ratio,comments,comment_readability,one_line_to_all_comments,multi_line_to_all_comments,inline_to_all_comments,unindented_comments_to_all,preprocessor_directives,define_name_readability,using_stl_libraries,all_keywords,if_keywords,else_keywords,for_keywords,while_keywords,switch_keywords,do_keywords,variable_name_readability,custom_types,custom_type_name_readability,functions,function_name_readability,function_average_length,function_length_deviation,function_block_braces,nesting_depth,average_parameter_count,parameter_count_deviation,commands,average_commands_per_line,ternary_operations,negation_operator,uses_united_declarations,uses_range_based_for,creation_order,author
0,1,13.60465116,13.95403557,210,43,1170,0,460,0,0.84,0,0.393162393,0,0,0,0,0,0,1,0,1,12,5,0,6,1,0,0,0.838709677,1,1,9,0.333333333,8,2.222222222,1,3,1.444444444,0.49382716,43,0.573333333,0,0,0,0,1,user1
0,1,9.954545455,11.05844156,39,24,219,0,72,0,0.875,0,0.328767123,6,1,0,1,0,0,1,0,1,1,0,0,1,0,0,0,0.838709677,1,1,0,0,0,0,3,2,0,0,10,0.625,0,0,0,0,1,user1
0,1,15.20512821,15.3731444,112,26,593,0,128,0,0.677419355,0,0.215851602,0,0,0,0,0,0,1,0,0,2,1,1,0,0,0,0,0.838709677,1,1,3,0,3,0,1,3,0,0,12,0.387096774,0,0,0,0,10,user1
0,1,20.62790698,21.10741971,142,41,887,0,149,0,0.617647059,0,0.167981962,0,0,0,0,0,0,1,0,1,3,1,0,2,0,0,0,0.848484848,1,1,6,0.166666667,4,1.333333333,1,4,0.833333333,0.555555556,11,0.323529412,0,0,0,0,10,user1
0,1,16.51351351,14.38513514,98,38,611,0,136,0,0.931034483,0,0.222585925,15,1,0,1,0,0,1,0,1,2,0,0,2,0,0,0,0.848484848,1,1,0,0,0,0,3,3,0,0,24,0.827586207,0,0,0,0,10,user1
0,1,14.4,14.74693878,125,41,720,0,260,0,0.833333333,0,0.361111111,25,0.875,0,1,0,0,1,0,1,3,1,0,1,1,0,0,0.848484848,1,1,0,0,0,0,3,3,0,0,20,0.476190476,0,0,0,0,11,user1
0,1,15.91176471,13.17557932,86,28,541,0,126,0,0.857142857,0,0.232902033,0,0,0,0,0,0,1,0,1,2,0,0,2,0,0,0,0.852941176,1,1,0,0,0,0,3,2,0,0,17,0.607142857,0,0,1,1,12,user1
0,1,14.325,13.53141026,105,36,573,0,156,0,0.9375,0,0.272251309,1,1,1,0,0,0,1,0,1,2,0,0,2,0,0,0,0.852941176,1,1,0,0,0,0,3,3,0,0,20,0.625,0,0,0,1,12,user1
0,1,10.08333333,9.704545455,19,13,121,0,17,0,0.444444444,0,0.140495868,0,0,0,0,0,0,1,0,1,0,0,0,0,0,0,0,0.852941176,1,1,0,0,0,0,3,2,0,0,3,0.333333333,0,0,0,0,12,user1
0,1,13.67164179,14.4332881,140,49,916,0,412,0,1,0,0.449781659,6,0.9,0.5,0.5,0,0,1,0,1,9,5,0,2,2,0,0,0.864864865,1,1,0,0,0,0,3,5,0,0,26,0.464285714,0,0,1,1,12,user1
0,1,12.52830189,13.36211901,117,27,664,0,122,0,0.65,0,0.18373494,0,0,0,0,0,0,1,0,1,0,0,0,0,0,0,0,0.868421053,1,1,9,0,3.111111111,0.197530864,1,2,0.333333333,0.444444444,15,0.375,0,0,0,0,12,user1
0,1,14.2967033,15.24688645,194,61,1301,0,429,0,0.960526316,0,0.329746349,4,1,1,0,0,0,1,0,1,10,5,0,1,4,0,0,0.871794872,1,1,3,0.333333333,25.66666667,12.88888889,2,4,1.333333333,1.111111111,28,0.368421053,0,0,1,1,12,user1
0,1,11.76470588,11.40441176,32,21,200,0,28,0,0.75,0,0.14,0,0,0,0,0,0,1,0,0,0,0,0,0,0,0,0,0.871794872,1,1,0,0,0,0,3,2,0,0,6,0.5,0,0,0,0,12,user1
0,1,10.25806452,10.69784946,57,29,318,0,119,0,0.916666667,0,0.374213836,0,0,0,0,0,0,1,0,1,3,0,0,2,1,0,0,0.871794872,1,1,0,0,0,0,3,4,0,0,11,0.458333333,0,0,0,1,13,user1
0,1,12.18918919,11.88138138,83,41,451,0,163,0,0.931034483,0,0.361419069,0,0,0,0,0,0,1,0,1,3,1,0,1,1,0,0,0.871794872,1,1,0,0,0,0,3,4,0,0,17,0.586206897,0,0,1,1,13,user1
0,1,12.75,12.41666667,56,34,357,0,81,0,0.80952381,0,0.226890756,0,0,0,0,0,0,1,0,1,3,1,0,1,1,0,0,0.871794872,1,1,0,0,0,0,3,3,0,0,10,0.476190476,0,0,0,1,13,user1
0,1,17.85087719,18.76579724,427,59,2035,0,816,0,0.885416667,0,0.400982801,9,1,0,1,0,0,1,0,1,20,8,2,10,0,0,0,0.829787234,1,1,8,0.375,10.375,6.625,1,6,2.5,0.625,73,0.760416667,0,0,0,0,2,user1
0,1,19.68,18.66,268,62,1476,0,555,0,0.984375,0,0.37601626,6,1,0.333333333,0.666666667,0,0,1,0,1,11,3,1,5,2,0,0,0.829787234,1,1,0,0,0,0,3,7,0,0,49,0.765625,0,0,0,0,2,user1
0,1,10.82352941,13.31907308,83,17,368,0,155,0,0.740740741,0,0.421195652,0,0,0,0,0,0,1,0,1,7,5,2,0,0,0,0,0.829787234,1,1,5,0.6,3.6,0.96,1,2,0.8,0.64,10,0.37037037,0,0,0,0,2,user1
0,1,23,16.26666667,65,31,368,0,36,0,0.6,0,0.097826087,0,0,0,0,0,0,1,0,0,1,0,0,1,0,0,0,0.829787234,1,1,0,0,0,0,3,2,0,0,10,0.666666667,0,0,0,0,3,user1
0,1,10.82352941,13.31907308,83,17,368,0,155,0,0.740740741,0,0.421195652,0,0,0,0,0,0,1,0,1,7,5,2,0,0,0,0,0.829787234,1,1,5,0.6,3.6,0.96,1,2,0.8,0.64,10,0.37037037,0,0,0,0,3,user1
0,1,18.81318681,19.03467643,325,61,1712,0,452,0,0.786666667,0,0.264018692,0,0,0,0,0,0,1,0,1,14,5,0,8,1,0,0,0.833333333,1,1,11,0,4.818181818,2.380165289,1,7,0.545454545,0.892561983,47,0.626666667,0,0,1,0,3,user1
0,1,13.08333333,13.21453901,109,39,628,0,194,0,0.842105263,0,0.308917197,0,0,0,0,0,0,1,0,1,5,2,1,2,0,0,0,0.836734694,1,1,2,1,12.5,6.5,3,4,0.5,0.5,23,0.605263158,0,0,0,0,4,user1
0,1,16.85714286,9.931216931,71,43,472,0,112,0,0.592592593,0,0.237288136,3,0.428571429,1,0,0,1,1,0,0,1,1,0,0,0,0,0,0.836734694,1,1,0,0,0,0,3,3,0,0,14,0.518518519,1,0,0,0,4,user1
0,1,15.26153846,16.68533654,225,38,992,0,403,0,0.857142857,0,0.40625,0,0,0,0,0,0,1,0,0,13,1,1,11,0,0,0,0.836734694,1,1,4,0,6.75,1.375,1,3,1,0.5,40,0.714285714,0,0,0,0,4,user1
0,1,13.28571429,15.47460317,226,47,1209,0,854,0,0.865853659,0,0.7063689,0,0,0,0,0,0,1,0,0,16,8,1,0,6,1,0,0.836734694,1,1,6,0.833333333,11,9.333333333,1,2,0.666666667,0.666666667,41,0.5,0,0,0,0,5,user1
0,1,20.45454545,22.68398268,83,37,450,0,118,0,0.9375,0,0.262222222,0,0,0,0,0,0,1,0,1,4,2,2,0,0,0,0,0.836734694,1,1,0,0,0,0,3,3,0,0,16,1,0,0,0,0,5,user1
0,1,24.50641026,20.50715467,429,59,3823,0,454,0,1.177419355,0,0.118754905,5,1,1,0,0,0,1,0,0,0,0,0,0,0,0,0,0.836734694,1,1,1,0,5,0,1,3,1,0,93,0.75,0,0,0,0,6,user1
0,1,17.08588957,17.99856093,616,55,2785,0,1047,0,0.90070922,0,0.375942549,0,0,0,0,0,0,1,0,0,29,5,1,23,0,0,0,0.836734694,1,1,4,0,6.75,1.375,1,5,1,0.5,103,0.730496454,0,0,0,0,6,user1
0,1,17.54166667,13.91847826,66,25,421,0,128,0,0.80952381,0,0.304038005,12,0.941176471,0.25,0.75,0,0,1,0,0,0,0,0,0,0,0,0,0.82,1,1,0,0,0,0,3,2,0,0,18,0.857142857,0,0,0,0,7,user1
0,1,18.60655738,18.784853,357,38,2270,0,731,0,0.859813084,0,0.322026432,0,0,0,0,0,0,1,0,0,18,4,3,11,0,0,0,0.811320755,1,1,3,1,5.666666667,1.777777778,1,3,0.333333333,0.444444444,64,0.598130841,0,0,0,0,7,user1
0,1,14.59090909,15.53463203,46,17,321,0,64,0,0.705882353,0,0.199376947,0,0,0,0,0,0,1,0,0,1,1,0,0,0,0,0,0.818181818,1,1,3,0.666666667,4.333333333,1.777777778,1,2,0.666666667,0.444444444,6,0.352941176,0,0,0,0,8,user1
0,1,20.2962963,19.49266247,178,46,1096,0,219,0,0.711111111,0,0.199817518,0,0,0,0,0,0,1,0,1,5,2,0,3,0,0,0,0.803571429,1,1,5,0,3.6,0.96,1,3,0.4,0.48,22,0.488888889,0,0,0,0,8,user1
0,1,18.76271186,17.65254237,200,58,1107,0,302,0,0.979166667,0,0.272809395,4,1,0.25,0.75,0,0,1,0,1,5,1,1,3,0,0,0,0.803571429,1,1,0,0,0,0,3,3,0,0,41,0.854166667,0,0,0,0,8,user1
0,1,22.91666667,19.18939394,40,19,275,0,32,0,0.555555556,0,0.116363636,0,0,0,0,0,0,1,0,0,0,0,0,0,0,0,0,0.789473684,1,1,1,1,4,0,1,2,1,0,2,0.222222222,0,0,0,0,9,user1
0,1,19.78571429,15.72077922,155,55,1108,0,216,0,0.977272727,0,0.194945848,1,0,1,0,0,0,1,0,1,1,0,0,1,0,0,0,0.789473684,1,1,1,1,5,0,1,3,2,0,32,0.727272727,0,0,0,0,9,user1
0,1,20.9,20.57586207,89,34,627,0,86,0,0.695652174,0,0.137161085,0,0,0,0,0,0,1,0,1,1,0,0,0,1,0,0,0.789473684,1,1,4,0.25,4.25,1.375,1,4,0.75,0.375,7,0.304347826,0,0,0,0,9,user1
0,1,19.73684211,18.38888889,60,21,375,0,60,0,0.6,0,0.16,0,0,0,0,0,0,1,0,0,0,0,0,0,0,0,0,0.789473684,1,1,1,1,3,0,1,2,1,0,6,0.4,0,0,0,0,9,user1
0,1,32.11111111,31.40277778,47,28,289,0,32,0,0.25,0,0.110726644,0,0,0,0,0,0,1,0,0,0,0,0,0,0,0,0,0.789473684,1,1,1,1,3,0,1,2,1,0,3,0.375,0,0,0,0,9,user10
0,1,22.56603774,14.1745283,171,59,1196,0,237,0,0.74,0,0.198160535,1,0,1,0,0,0,1,0,1,1,0,0,1,0,0,0,0.789473684,1,1,1,1,7,0,2,3,2,0,34,0.68,0,0,0,0,9,user10
0,1,27.55,25.70789474,84,44,551,0,54,0,0.411764706,0,0.09800363,0,0,0,0,0,0,1,0,0,1,0,0,1,0,0,0,0.789473684,1,1,4,0.25,3.25,0.375,1,2,0.75,0.375,7,0.411764706,0,0,0,1,9,user10
0,1,23.45454545,16.98181818,49,27,258,0,38,0,0.4,0,0.147286822,0,0,0,0,0,0,1,0,0,0,0,0,0,0,0,0,0.789473684,1,1,1,1,3,0,1,2,1,0,5,0.5,0,0,0,0,9,user10
0,1,28.84615385,21.33198381,200,54,1125,0,209,0,0.611111111,0,0.185777778,0,0,0,0,0,0,1,0,1,3,2,0,1,0,0,0,0.789473684,1,1,6,0,1,0,1,3,1,0,24,0.666666667,0,0,1,1,9,user10
0,1,28.91304348,18.49468599,209,75,1330,0,252,0,0.837209302,0,0.189473684,2,1,1,0,0,0,1,0,1,7,2,1,3,1,0,0,0.789473684,1,1,0,0,0,0,3,3,0,0,31,0.720930233,0,0,1,1,9,user10
0,1,23.5,20.73076923,43,17,329,0,45,0,0.454545455,0,0.136778116,0,0,0,0,0,0,1,0,0,0,0,0,0,0,0,0,0.789473684,1,1,2,0,1,0,1,2,1,0,6,0.545454545,0,0,0,0,9,user10
0,1,36.34615385,25.58144796,314,146,1890,0,422,0,0.897959184,0,0.223280423,43,0.742424242,0,0.953488372,0.046511628,0,1,0,0,10,4,0,4,2,0,0,0.789473684,1,1,0,0,0,0,3,4,0,0,47,0.959183673,1,0,1,0,9,user10
0,1,20.69135802,14.79151235,283,74,1676,0,373,0,0.727272727,0,0.222553699,48,0.808510638,0,0.9375,0.0625,0,1,0,1,5,1,0,4,0,0,0,0.789473684,1,1,0,0,0,0,3,5,0,0,49,0.636363636,0,0,1,1,12,user10
0,1,0,0,0,0,0,0,0,0,0,0,0,0,0,0,0,0,0,0,0,0,0,0,0,0,0,0,0,0.789473684,0,1,0,0,0,0,3,0,0,0,0,0,0,0,0,0,2,user10
0,1,35.40625,35.17641129,143,36,1133,0,193,0,0.777777778,0,0.170344219,7,1,0,0.857142857,0.142857143,0,1,0,1,0,0,0,0,0,0,0,0.789473684,1,1,0,0,0,0,3,5,0,0,17,0.62962963,1,0,0,0,2,user10
0,1,14.15384615,13.63692308,83,17,368,0,139,0,0.48,0,0.377717391,0,0,0,0,0,0,1,0,1,7,5,2,0,0,0,0,0.789473684,1,1,5,0.6,3.6,0.96,1,2,0.8,0.64,10,0.4,0,0,0,0,2,user10
0,1,21.76470588,16.97058824,66,31,370,0,78,0,0.666666667,0,0.210810811,0,0,0,0,0,0,1,0,0,1,0,0,1,0,0,0,0.789473684,1,1,0,0,0,0,3,2,0,0,10,0.666666667,0,0,0,0,3,user10
0,1,16,15.36363636,83,17,368,0,138,0,0.523809524,0,0.375,0,0,0,0,0,0,1,0,1,7,5,2,0,0,0,0,0.789473684,1,1,5,0.6,2.8,1.44,1,2,1.2,0.32,10,0.476190476,0,0,0,0,3,user10
0,1,26.62903226,18.57932311,296,64,1651,0,347,0,0.620689655,0,0.210175651,0,0,0,0,0,0,1,0,1,9,1,0,7,1,0,0,0.789473684,1,1,11,0.090909091,3.181818182,2.380165289,1,6,1.090909091,1.20661157,50,0.862068966,0,0,1,1,3,user10
0,1,17.06944444,13.71615806,227,46,1229,0,467,0,0.808823529,0,0.379983727,2,0.833333333,1,0,0,0,1,0,0,9,4,1,0,4,0,0,0.789473684,1,1,6,0.833333333,9,7.333333333,1,2,0.833333333,0.555555556,37,0.544117647,0,1,0,0,5,user10
0,1,18.79069767,17.97840532,144,60,808,0,345,0,0.973684211,0,0.426980198,0,0,0,0,0,0,1,0,1,7,3,0,3,1,0,0,0.789473684,1,1,0,0,0,0,3,3,0,0,30,0.789473684,1,0,1,1,5,user10
0,1,28.55384615,20.20775194,413,76,3712,0,863,0,0.9140625,0,0.232489224,7,0.892857143,1,0,0,0.571428571,1,0,0,0,0,0,0,0,0,0,0.789473684,1,1,1,0,5,0,1,3,1,0,86,0.671875,0,0,0,0,6,user10
0,1,24.19166667,18.44908964,636,61,2903,0,751,0,0.783783784,0,0.258697899,1,1,1,0,0,0,1,0,0,27,7,0,20,0,0,0,0.789473684,1,1,3,0,5,1.333333333,1,4,1.333333333,0.444444444,106,0.954954955,0,0,0,0,6,user10
0,1,9.529411765,10.4529122,358,62,1944,0,1270,0,0.841836735,0,0.653292181,7,0.857142857,0,1,0,0,1,0,1,33,18,7,7,1,0,0,0.8,1,1,9,0.333333333,21.11111111,8.148148148,2,6,1.444444444,0.49382716,78,0.397959184,0,0,1,0,1,user11
0,1,17.36363636,12.67230444,122,54,764,0,184,0,0.833333333,0,0.240837696,9,1,1,0,0,0,1,0,1,1,0,0,1,0,0,0,0.8,1,1,0,0,0,0,3,2,0,0,26,0.619047619,0,0,1,0,1,user11
0,1,17.39130435,17.1916996,72,24,400,9,56,8,0.666666667,1,0.1625,0,0,0,0,0,0,1,0,0,1,1,0,0,0,0,0,0.8,0,1,0,0,0,0,3,3,0,0,7,0.388888889,0,0,0,0,10,user11
0,1,14.12121212,13.88298368,151,59,932,35,103,26,0.784313725,1,0.14806867,0,0,0,0,0,0,1,0,1,6,3,0,2,1,0,0,0.8,1,0.952380952,6,0.166666667,4.5,1.5,1,4,0.833333333,0.555555556,16,0.31372549,0,0,0,1,10,user11
0,1,17.56666667,9.495402299,74,31,527,0,80,0,0.777777778,0,0.151802657,0,0,0,0,0,0,1,0,0,0,0,0,0,0,0,0,0.8,1,0.952380952,0,0,0,0,3,2,0,0,20,0.740740741,0,0,0,0,10,user11
0,1,19.38333333,13.03418079,201,59,1163,0,185,0,0.775862069,0,0.159071367,1,1,1,0,0,0,1,0,1,4,1,0,2,1,0,0,0.8,1,0.952380952,0,0,0,0,3,3,0,0,36,0.620689655,1,0,0,0,11,user11
0,1,16.34375,8.168346774,86,34,523,0,63,0,0.677419355,0,0.120458891,2,0.75,1,0,0,0,1,0,1,2,0,0,2,0,0,0,0.8,1,0.952380952,0,0,0,0,3,2,0,0,18,0.580645161,0,0,1,1,12,user11
0,1,13.5,11.53389831,154,43,810,0,316,0,0.793103448,0,0.390123457,0,0,0,0,0,0,1,0,1,6,4,0,2,0,0,0,0.8,1,0.952380952,0,0,0,0,3,3,0,0,24,0.413793103,0,0,0,1,12,user11
0,1,12.375,8.255434783,50,24,297,0,62,0,0.590909091,0,0.208754209,0,0,0,0,0,0,1,0,1,1,0,0,1,0,0,0,0.8,1,0.952380952,0,0,0,0,3,2,0,0,10,0.454545455,0,0,0,1,12,user11
0,1,11.25352113,11.19939638,129,50,799,0,338,0,0.966101695,0,0.423028786,0,0,0,0,0,0,1,0,1,8,5,0,1,2,0,0,0.803278689,1,0.952380952,0,0,0,0,3,4,0,0,24,0.406779661,0,1,1,1,12,user11
0,1,11.59259259,11.69881202,113,31,626,0,91,0,0.31372549,0,0.145367412,0,0,0,0,0,0,1,0,1,0,0,0,0,0,0,0,0.803278689,1,0.952380952,9,0,4,0,2,2,0.333333333,0.444444444,15,0.294117647,0,0,0,0,12,user11
0,1,14.67032967,14.32197802,216,50,1335,0,448,0,0.720930233,0,0.335580524,0,0,0,0,0,0,1,0,1,11,5,0,2,4,0,0,0.803030303,1,0.952380952,7,0.142857143,13.66666667,2.222222222,2,4,0.571428571,0.489795918,31,0.360465116,0,0,1,1,12,user11
0,1,17,11.9375,44,25,289,0,46,0,0.642857143,0,0.15916955,1,0.5,1,0,0,0,1,0,0,0,0,0,0,0,0,0,0.803030303,1,0.952380952,0,0,0,0,3,2,0,0,9,0.642857143,0,0,0,0,12,user11
0,1,10.18,9.685306122,101,41,509,0,276,0,0.869565217,0,0.542239686,0,0,0,0,0,0,1,0,1,6,2,0,2,2,0,0,0.803030303,1,0.952380952,0,0,0,0,3,4,0,0,24,0.52173913,0,0,1,0,13,user11
0,1,11.4375,7.929166667,30,21,183,0,31,0,0.461538462,0,0.169398907,0,0,0,0,0,0,1,0,1,0,0,0,0,0,0,0,0.803030303,1,0.952380952,0,0,0,0,3,2,0,0,6,0.461538462,0,0,0,0,13,user11
0,1,12.93548387,10.75483871,68,31,401,0,115,0,0.75,0,0.286783042,0,0,0,0,0,0,1,0,1,4,0,0,2,2,0,0,0.803030303,1,0.952380952,0,0,0,0,3,4,0,0,15,0.535714286,0,0,0,0,13,user11
0,1,13.38518519,12.54626866,417,70,1807,0,917,0,0.782945736,0,0.507470946,48,0.96875,0.083333333,0.916666667,0,0,1,0,1,14,6,0,6,2,0,0,0.692307692,1,0.952380952,4,0.75,20,16,2,9,2.25,0.875,72,0.558139535,0,0,1,0,2,user11
0,1,18.80555556,11.24047619,123,38,677,0,85,0,0.628571429,0,0.125553914,6,0.923076923,0,1,0,0,1,0,0,1,0,0,1,0,0,0,0.692307692,1,0.952380952,0,0,0,0,3,3,0,0,26,0.742857143,0,0,0,0,2,user11
0,1,11.6875,10.53427419,83,17,374,0,86,0,0.419354839,0,0.229946524,0,0,0,0,0,0,1,0,1,7,5,2,0,0,0,0,0.692307692,1,0.952380952,5,0.6,3.6,0.96,1,2,0.8,0.64,10,0.322580645,0,0,0,0,2,user11
0,1,23,16.26666667,65,31,368,0,36,0,0.6,0,0.097826087,0,0,0,0,0,0,1,0,0,1,0,0,1,0,0,0,0.692307692,1,0.952380952,0,0,0,0,3,2,0,0,10,0.666666667,0,0,0,0,3,user11
0,1,13.14285714,12.34391534,83,17,368,0,102,0,0.518518519,0,0.277173913,0,0,0,0,0,0,1,0,1,7,5,2,0,0,0,0,0.692307692,1,0.952380952,5,0.6,3.6,0.96,1,2,0.8,0.64,10,0.37037037,0,0,0,0,3,user11
0,1,15.44086022,15.24170173,267,63,1436,0,346,0,0.974358974,0,0.240947075,19,1,0,1,0,0,1,0,1,8,2,1,5,0,0,0,0.692307692,1,0.952380952,3,0.666666667,4,0,3,9,1,0.666666667,32,0.41025641,0,1,1,0,3,user11
0,1,15.88405797,14.34398977,194,44,1096,0,362,0,0.873015873,0,0.330291971,0,0,0,0,0,0,1,0,1,7,3,0,4,0,0,0,0.692307692,1,0.952380952,2,1,30,11,3,4,0.5,0.5,30,0.476190476,0,0,0,1,4,user11
0,1,16.96153846,8.093846154,65,39,441,0,59,0,0.72,0,0.133786848,3,0.428571429,1,0,0,0,1,0,0,1,1,0,0,0,0,0,0.692307692,1,0.952380952,0,0,0,0,3,3,0,0,14,0.56,1,0,0,0,4,user11
0,1,14.34722222,13.62226135,231,43,1033,27,270,14,0.720588235,1,0.287512101,0,0,0,0,0,0,1,0,0,12,1,0,11,0,0,0,0.692307692,1,0.952380952,2,0,8,0,1,3,1,0,43,0.632352941,1,0,1,0,4,user11
0,1,12.85087719,12.00209595,238,43,1465,117,324,45,0.798165138,1,0.301023891,4,0.857142857,0.25,0.5,0.25,0,1,0,0,20,8,6,0,6,0,0,0.692307692,1,0.952380952,6,0.833333333,15.5,10.83333333,2,2,0.666666667,0.666666667,43,0.394495413,0,0,0,0,5,user11
0,1,15.90178571,9.828909266,304,59,1781,8,502,8,0.890909091,1,0.28635598,45,0.909090909,0.044444444,0.955555556,0,0,1,0,1,12,4,2,6,0,0,0,0.692307692,1,0.952380952,2,1,53.5,47.5,3,3,2,0,82,0.745454545,0,0,1,1,5,user11
0,1,24.3258427,18.94997778,512,65,4330,0,543,0,1.114864865,0,0.125404157,26,1,0.307692308,0.692307692,0,0,1,0,1,0,0,0,0,0,0,0,0.692307692,1,0.952380952,2,0,16.5,11.5,3,3,0.5,0.5,111,0.75,0,0,0,0,6,user11
0,1,14.50384615,15.13702109,785,72,3771,0,1396,0,0.810699588,0,0.370193583,44,0.903225806,0.022727273,0.977272727,0,0,1,0,1,36,12,0,24,0,0,0,0.696202532,1,0.952380952,4,0,10.75,0.875,2,6,1,0.5,126,0.518518519,0,2,1,0,6,user11
0,1,13.14285714,9.957142857,45,26,276,0,52,0,0.647058824,0,0.188405797,0,0,0,0,0,0,1,0,1,1,0,0,1,0,0,0,0.696202532,1,0.952380952,1,1,0,0,3,3,0,0,8,0.470588235,0,0,0,1,6,user11
0,1,12.03571429,6.675925926,58,18,337,0,97,0,0.807692308,0,0.287833828,0,0,0,0,0,0,1,0,0,0,0,0,0,0,0,0,0.696202532,1,0.952380952,0,0,0,0,3,2,0,0,22,0.846153846,0,0,0,0,7,user11
0,1,17.54609929,17.39417427,391,46,2474,0,573,0,0.674242424,0,0.231608731,0,0,0,0,0,0,1,0,0,18,3,2,13,0,0,0,0.696202532,1,0.952380952,2,1,5,2,3,3,0,0,73,0.553030303,0,0,1,0,7,user11
0,1,17.125,16.59166667,40,20,274,0,23,0,0.545454545,0,0.083941606,0,0,0,0,0,0,1,0,0,0,0,0,0,0,0,0,0.6875,1,0.952380952,1,1,4,0,1,3,1,0,3,0.272727273,0,0,0,0,9,user11
0,1,20.85185185,13.7267645,159,58,1126,0,117,0,0.976744186,0,0.103907638,1,0,1,0,0,0,1,0,1,1,0,0,1,0,0,0,0.6875,1,0.952380952,1,1,5,0,1,3,2,0,32,0.744186047,0,0,0,0,9,user11
0,1,19.02941176,16.66399287,90,44,647,0,65,0,0.3125,0,0.100463679,0,0,0,0,0,0,1,0,1,1,1,0,0,0,0,0,0.691358025,1,0.952380952,4,0.25,5.25,1.375,2,3,0.75,0.375,6,0.1875,0,0,0,0,9,user11
0,1,19.47368421,15.28070175,58,23,370,0,46,0,0.5625,0,0.124324324,0,0,0,0,0,0,1,0,0,0,0,0,0,0,0,0,0.691358025,1,0.952380952,1,1,3,0,1,2,1,0,7,0.4375,0,0,0,0,9,user11
0,1,11.22,9.48122449,133,26,561,0,170,0,0.477272727,0,0.303030303,0,0,0,0,0,0,1,0,1,10,5,1,3,1,0,0,0.691358025,1,0.952380952,4,0.25,10.75,5.625,1,3,1.75,0.375,34,0.772727273,0,0,1,0,1,user12
0,1,11.17391304,9.78458498,51,25,257,0,94,0,0.8,0,0.365758755,0,0,0,0,0,0,1,0,1,2,0,0,2,0,0,0,0.691358025,1,0.952380952,0,0,0,0,3,2,0,0,16,0.8,0,0,1,0,1,user12
0,1,16.95348837,12.45681063,114,47,729,0,68,0,0.857142857,0,0.093278464,5,0.75,0,0.6,0.4,0,1,0,1,2,0,0,2,0,0,0,0.691358025,1,0.952380952,0,0,0,0,3,3,0,0,22,0.628571429,0,0,0,1,10,user12
0,1,11.63636364,11.00568182,62,33,384,0,164,0,0.8,0,0.427083333,0,0,0,0,0,0,1,0,1,5,1,0,1,2,0,1,0.691358025,1,0.952380952,0,0,0,0,3,4,0,0,16,0.533333333,0,0,0,0,11,user12
0,1,10.65909091,9.678118393,87,35,469,0,250,0,0.853658537,0,0.533049041,0,0,0,0,0,0,1,0,1,7,2,0,3,1,0,1,0.698795181,1,0.952380952,0,0,0,0,3,4,0,0,28,0.682926829,0,0,1,0,11,user12
0,1,12.22222222,8.941919192,114,46,550,0,97,0,0.810810811,0,0.176363636,0,0,0,0,0,0,1,0,1,3,1,0,2,0,0,0,0.698795181,1,0.952380952,0,0,0,0,3,3,0,0,25,0.675675676,0,0,1,0,2,user12
0,1,13.57692308,12.15834166,255,40,1059,0,283,0,0.555555556,0,0.267233239,0,0,0,0,0,0,1,0,1,17,8,3,6,0,0,0,0.698795181,1,0.952380952,9,0.777777778,8.125,6.1875,1,5,1.333333333,1.037037037,43,0.597222222,0,0,1,0,2,user12
0,1,19.76190476,13.85,71,34,415,0,40,0,0.611111111,0,0.096385542,0,0,0,0,0,0,1,0,1,1,0,0,1,0,0,0,0.698795181,1,0.952380952,0,0,0,0,3,2,0,0,11,0.611111111,0,0,0,0,3,user12
0,1,13.57692308,12.15834166,255,40,1059,0,283,0,0.555555556,0,0.267233239,0,0,0,0,0,0,1,0,1,17,8,3,6,0,0,0,0.698795181,1,0.952380952,9,0.777777778,8.125,6.1875,1,5,1.333333333,1.037037037,43,0.597222222,0,0,1,0,3,user12
0,1,19.13157895,18.17508772,257,50,1454,0,127,0,0.370967742,0,0.087345254,0,0,0,0,0,0,1,0,1,5,0,0,5,0,0,0,0.698795181,1,0.952380952,13,0,4.916666667,2.708333333,1,6,0.615384615,0.852071006,31,0.5,0,0,1,0,3,user12
0,1,18.38461538,8.261538462,72,43,478,0,61,0,0.72,0,0.127615063,3,0.428571429,1,0,0,0,1,0,0,1,1,0,0,0,0,0,0.698795181,1,0.952380952,0,0,0,0,3,3,0,0,14,0.56,1,0,0,0,4,user12
0,1,12.46835443,11.3229471,223,42,985,0,169,0,0.385714286,0,0.171573604,0,0,0,0,0,0,1,0,0,13,1,1,11,0,0,0,0.698795181,1,0.952380952,4,0,8.5,0.5,1,3,1,0.5,48,0.685714286,0,0,1,0,4,user12
0,1,14.02325581,11.56810631,118,38,603,0,197,0,0.769230769,0,0.326699834,0,0,0,0,0,0,1,0,1,7,3,1,3,0,0,0,0.698795181,1,0.952380952,0,0,0,0,3,5,0,0,25,0.641025641,0,0,1,0,4,user12
0,1,0,0,0,0,0,0,0,0,0,0,0,0,0,0,0,0,0,0,0,0,0,0,0,0,0,0,0,0.698795181,0,0.952380952,0,0,0,0,3,0,0,0,0,0,0,0,0,0,5,user12
0,1,11.04761905,9.185714286,42,19,232,0,74,0,0.789473684,0,0.318965517,0,0,0,0,0,0,1,0,0,2,1,1,0,0,0,0,0.698795181,1,0.952380952,0,0,0,0,3,3,0,0,10,0.526315789,0,0,0,0,5,user12
0,1,12.87323944,12.20744467,168,43,914,0,205,0,0.5,0,0.22428884,0,0,0,0,0,0,1,0,0,11,4,3,3,1,0,0,0.698795181,1,0.952380952,6,0.833333333,8.666666667,4.777777778,1,4,0.666666667,0.666666667,27,0.435483871,0,0,0,0,5,user12
0,1,7.3,8.077777778,11,10,73,0,10,0,0.428571429,0,0.136986301,0,0,0,0,0,0,1,0,0,0,0,0,0,0,0,0,0.698795181,1,0.952380952,0,0,0,0,3,2,0,0,2,0.285714286,0,0,0,0,6,user12
0,1,14.05494505,13.10866911,286,55,1279,0,223,0,0.414634146,0,0.174354965,0,0,0,0,0,0,1,0,0,16,2,1,13,0,0,0,0.698795181,1,0.952380952,4,0,8.5,0.5,1,4,1,0.5,57,0.695121951,0,0,1,0,6,user12
0,1,13,10.57142857,29,17,195,0,49,0,0.615384615,0,0.251282051,0,0,0,0,0,0,1,0,0,0,0,0,0,0,0,0,0.702380952,1,0.952380952,0,0,0,0,3,2,0,0,8,0.615384615,0,0,0,0,7,user12
0,1,18.84297521,16.9880854,359,35,2280,0,453,0,0.603603604,0,0.198684211,0,0,0,0,0,0,1,0,0,17,4,0,13,0,0,0,0.712643678,1,0.952380952,3,1,8.333333333,0.444444444,1,3,0.333333333,0.444444444,76,0.684684685,0,0,1,0,7,user12
0,1,18.88235294,12.90441176,45,22,321,0,19,0,0.142857143,0,0.059190031,0,0,0,0,0,0,1,0,1,0,0,0,0,0,0,0,0.712643678,1,0.952380952,1,1,6,0,1,2,1,0,4,0.285714286,0,0,0,0,8,user12
0,1,10.64285714,8.521978022,21,14,149,0,14,0,0.272727273,0,0.093959732,0,0,0,0,0,0,1,0,1,0,0,0,0,0,0,0,0.712643678,1,0.952380952,0,0,0,0,3,2,0,0,2,0.181818182,0,0,0,0,8,user12
0,1,19.5862069,16.20812808,77,34,568,0,27,0,0.217391304,0,0.047535211,0,0,0,0,0,0,1,0,1,0,0,0,0,0,0,0,0.712643678,1,0.952380952,4,0.25,3.5,0.75,1,4,0.75,0.375,6,0.260869565,0,0,0,0,8,user12
0,1,20.11764706,13.54779412,51,21,342,0,25,0,0.142857143,0,0.073099415,0,0,0,0,0,0,1,0,1,0,0,0,0,0,0,0,0.712643678,1,0.952380952,1,1,3,0,1,2,1,0,4,0.285714286,0,0,0,0,8,user12
0,1,13.64102564,14.06747638,99,25,532,0,72,0,0.290322581,0,0.135338346,0,0,0,0,0,0,1,0,0,2,1,1,0,0,0,0,0.712643678,1,0.952380952,3,0,3,0,1,3,0,0,11,0.35483871,0,0,0,0,9,user12
0,1,12.88333333,12.41666667,123,43,773,0,99,0,0.468085106,0,0.128072445,0,0,0,0,0,0,1,0,1,5,2,0,3,0,0,0,0.712643678,1,0.952380952,5,0,5,2,1,3,0.6,0.48,23,0.489361702,0,0,0,0,9,user12
0,1,13.73809524,11.94947735,91,36,577,0,166,0,0.941176471,0,0.287694974,0,0,0,0,0,0,1,0,1,2,1,1,0,0,0,0,0.712643678,1,0.952380952,0,0,0,0,3,2,0,0,22,0.647058824,0,0,0,0,9,user12
0,1,10.23076923,9.601214575,68,25,399,0,136,0,1.033333333,0,0.34085213,1,1,1,0,0,0,1,0,0,0,0,0,0,0,0,0,0.712643678,1,0.952380952,0,0,0,0,3,2,0,0,24,0.8,0,0,0,0,9,user12
0,1,17.1682243,15.76106507,363,47,1837,0,229,0,0.373626374,0,0.124659771,0,0,0,0,0,0,1,0,0,14,3,1,9,1,0,0,0.722222222,1,0.954545455,4,1,8.5,3,1,4,1.25,0.75,60,0.659340659,0,0,0,0,9,user12
0,1,12.40425532,14.30342276,97,30,583,0,283,0,0.947368421,0,0.48542024,0,0,0,0,0,0,1,0,1,7,2,1,3,1,0,0,0.722222222,1,0.954545455,4,0.25,10.25,3.375,1,3,1.5,0.5,22,0.578947368,0,0,0,0,1,user13
0,1,15.76666667,15.74494382,224,63,1419,73,121,48,0.776315789,1,0.136715997,0,0,0,0,0,0,1,0,1,10,4,0,6,0,0,0,0.717391304,1,0.954545455,7,0.142857143,7.142857143,4.204081633,2,4,0.857142857,0.489795918,43,0.565789474,0,0,0,0,10,user13
0,1,22.96666667,12.62413793,95,33,689,21,49,21,0.884615385,1,0.101596517,0,0,0,0,0,0,1,0,0,0,0,0,0,0,0,0,0.717391304,1,0.954545455,0,0,0,0,3,2,0,0,21,0.807692308,0,0,0,0,10,user13
0,1,15.86363636,18.23995772,118,27,698,16,74,14,0.583333333,1,0.128939828,0,0,0,0,0,0,1,0,0,1,1,0,0,0,0,0,0.717391304,1,0.956521739,3,0,4,0,2,3,0,0,12,0.333333333,0,0,0,0,10,user13
0,1,17.13636364,13.94036697,326,85,1885,97,218,75,0.885416667,1,0.167108753,27,0.892857143,0.185185185,0.740740741,0.074074074,0,1,0,1,6,2,0,4,0,0,0,0.717391304,1,0.956521739,0,0,0,0,3,4,0,0,54,0.5625,0,0,1,1,12,user13
0,1,12.16666667,13.40909091,24,16,146,3,8,3,1,1,0.075342466,0,0,0,0,0,0,1,0,0,0,0,0,0,0,0,0,0.717391304,1,0.956521739,0,0,0,0,3,2,0,0,3,0.428571429,0,0,0,0,12,user13
0,1,14.66666667,13.52380952,81,38,528,22,48,19,1.08,1,0.132575758,0,0,0,0,0,0,1,0,1,3,0,0,1,1,0,1,0.717391304,1,0.956521739,0,0,0,0,3,4,0,0,15,0.6,0,0,0,1,13,user13
0,1,23.08695652,15.13636364,89,35,531,17,94,16,0.727272727,1,0.209039548,0,0,0,0,0,0,1,0,0,2,1,1,0,0,0,0,0.717391304,1,0.956521739,0,0,0,0,3,3,0,0,15,0.681818182,0,0,0,0,2,user13
0,1,21.45918367,20.76257101,381,121,2103,150,319,54,0.735632184,1,0.223014741,95,0.834862385,0,0.905263158,0.094736842,0,1,0,1,13,7,2,4,0,0,0,0.717391304,1,0.956521739,10,0.4,6.4,4.44,1,6,1.6,1,40,0.459770115,0,0,0,0,2,user13
0,1,23,18.86666667,65,31,368,12,92,8,0.642857143,1,0.282608696,0,0,0,0,0,0,1,0,0,1,0,0,1,0,0,0,0.717391304,1,0.956521739,0,0,0,0,3,2,0,0,10,0.714285714,0,0,0,0,3,user13
0,1,21.51546392,20.90818299,379,121,2087,149,319,53,0.73255814,1,0.224245328,94,0.834862385,0,0.904255319,0.095744681,0,1,0,1,13,7,2,4,0,0,0,0.717391304,1,0.956521739,10,0.4,5.2,2.68,1,6,1.6,1,39,0.453488372,0,0,0,0,3,user13
0,1,18.51470588,19.58977173,213,45,1259,33,136,26,0.716981132,1,0.134233519,1,0,1,0,0,1,1,0,0,5,0,0,5,0,0,0,0.717391304,1,0.956521739,10,0,3.4,0.64,1,4,0.4,0.64,24,0.452830189,0,0,0,0,3,user13
0,1,24.90322581,23.30014025,342,75,2316,99,283,56,0.933333333,1,0.164939551,81,0.952380952,0.037037037,0.864197531,0.098765432,0.012345679,1,0,1,12,8,0,4,0,0,0,0.717391304,1,0.956521739,6,0.166666667,38,0,3,5,0,0,52,0.693333333,0,0,0,0,4,user13
0,1,16.85714286,9.915343915,71,43,472,20,88,18,0.8,1,0.228813559,3,0.428571429,1,0,0,0,1,0,0,1,1,0,0,0,0,0,0.717391304,1,0.956521739,0,0,0,0,3,3,0,0,14,0.56,1,0,0,0,4,user13
0,1,14.96825397,15.82565284,206,36,943,60,153,37,0.865384615,1,0.225874867,0,0,0,0,0,0,1,0,0,10,0,0,10,0,0,0,0.717391304,1,0.956521739,4,0,6.5,1.75,1,5,1,0.5,35,0.673076923,0,0,0,0,4,user13
0,1,11.0273224,11.55464481,347,58,2018,341,276,129,0.974358974,1,0.305748266,0,0,0,0,0,0,1,0,1,33,15,9,4,5,0,0,0.717391304,1,0.956521739,7,0.857142857,21,21.42857143,2,3,0.571428571,0.653061224,68,0.435897436,0,0,0,0,5,user13
0,1,13.04081633,9.972363946,107,35,639,35,63,35,1.194444444,1,0.153364632,0,0,0,0,0,0,1,0,0,0,0,0,0,0,0,0,0.709677419,1,0.956521739,0,0,0,0,3,2,0,0,32,0.888888889,1,0,0,0,5,user13
0,1,28.41176471,20.28627451,438,65,3864,154,512,126,0.954887218,1,0.172360248,5,1,1,0,0,0,1,0,0,0,0,0,0,0,0,0,0.709677419,1,0.956521739,1,0,5,0,1,3,1,0,94,0.706766917,0,0,0,0,6,user13
0,1,14.60869565,16.1575196,590,66,2688,148,406,98,0.823529412,1,0.20610119,4,1,1,0,0,1,1,0,0,25,3,0,22,0,0,0,0.709677419,1,0.956521739,4,0,7.5,1.75,2,5,1,0.5,91,0.594771242,0,0,0,0,6,user13
0,1,20.7826087,15.69565217,61,26,478,14,77,14,0.894736842,1,0.190376569,0,0,0,0,0,0,1,0,0,0,0,0,0,0,0,0,0.705263158,1,0.956521739,0,0,0,0,3,2,0,0,15,0.789473684,0,0,0,0,7,user13
0,1,16.67910448,18.22696667,330,43,2235,96,284,70,0.803571429,1,0.170022371,3,1,1,0,0,1,1,0,0,16,4,0,12,0,0,0,0.705263158,1,0.956521739,3,1,8.333333333,0.444444444,2,4,0.333333333,0.444444444,61,0.544642857,0,0,0,0,7,user13
0,1,23.16326531,10.54209184,170,63,1135,35,88,34,0.744680851,1,0.108370044,1,0,1,0,0,0,1,0,1,1,0,0,1,0,0,0,0.705263158,1,0.956521739,1,1,5,0,1,3,2,0,34,0.723404255,0,0,0,0,9,user13
0,1,15.06060606,18.32007576,85,37,497,17,50,11,0.592592593,1,0.134808853,0,0,0,0,0,0,1,0,0,4,1,1,2,0,0,0,0.708333333,1,0.956521739,4,0.25,5.75,1.75,2,3,0.75,0.375,9,0.333333333,0,0,0,0,9,user13
0,1,15,18.35714286,38,18,225,4,36,4,0.636363636,1,0.177777778,0,0,0,0,0,0,1,0,0,0,0,0,0,0,0,0,0.708333333,1,0.956521739,1,1,4,0,2,2,0,0,4,0.363636364,0,0,0,0,9,user13
0,1,18.25,24.25,36,19,219,2,36,2,0.444444444,1,0.173515982,0,0,0,0,0,0,1,0,0,0,0,0,0,0,0,0,0.708333333,1,0.958333333,1,1,4,0,2,2,1,0,2,0.222222222,0,0,0,0,9,user13
0,1,11.55555556,11.6928839,190,37,1040,0,455,0,0.793103448,0,0.4375,3,1,1,0,0,1,1,0,1,12,6,2,3,1,0,0,0.711340206,1,0.958333333,5,0.2,16.4,7.28,2,4,1.8,0.32,43,0.494252874,0,0,1,0,1,user14
0,1,10.42222222,10.65757576,84,33,469,0,177,0,1.027777778,0,0.377398721,5,1,1,0,0,0,1,0,1,3,0,0,3,0,0,0,0.714285714,1,0.958333333,0,0,0,0,3,3,0,0,22,0.611111111,0,0,0,0,1,user14
0,1,14.25925926,12.57407407,59,29,385,0,139,0,0.826086957,0,0.361038961,2,1,1,0,0,0,1,0,0,1,0,0,0,1,0,0,0.714285714,1,0.958333333,0,0,0,0,3,2,0,0,13,0.565217391,0,0,0,0,1,user14
0,1,13.37272727,14.25346122,257,67,1471,0,694,0,0.833333333,0,0.471787899,9,0.848484848,1,0,0,0.666666667,1,0,1,20,8,5,3,4,0,0,0.714285714,1,0.958333333,5,0.4,19.2,0.96,2,9,1,0,39,0.382352941,0,0,1,0,1,user14
0,1,11.5106383,14.52358927,98,27,541,0,129,0,0.648648649,0,0.23844732,3,1,1,0,0,1,1,0,0,2,1,1,0,0,0,0,0.714285714,1,0.958333333,3,0,3.666666667,0.444444444,2,4,0,0,9,0.243243243,0,0,0,0,10,user14
0,1,13.48351648,14.67631258,203,56,1227,0,360,0,0.457831325,0,0.293398533,26,0.882352941,1,0,0,1,1,0,1,9,3,3,2,1,0,0,0.714285714,1,0.884615385,5,0,5.4,1.68,2,4,0.6,0.48,22,0.265060241,0,0,0,1,10,user14
0,1,16.29268293,13.74146341,102,41,668,0,177,0,0.941176471,0,0.26497006,1,1,1,0,0,0,1,0,0,2,1,1,0,0,0,0,0.714285714,1,0.884615385,0,0,0,0,3,2,0,0,22,0.647058824,0,0,0,0,10,user14
0,1,15.66304348,14.13318204,247,57,1441,0,458,0,0.75,0,0.317834837,21,1,1,0,0,0.952380952,1,0,1,3,1,0,2,0,0,0,0.714285714,1,0.884615385,0,0,0,0,3,3,0,0,55,0.723684211,1,0,0,0,11,user14
0,1,6.111111111,8,8,8,55,0,10,0,0.8,0,0.181818182,0,0,0,0,0,0,1,0,0,0,0,0,0,0,0,0,0.714285714,1,0.884615385,0,0,0,0,3,2,0,0,2,0.4,0,0,0,0,11,user14
0,1,9.943396226,11.86016241,262,39,1581,0,724,0,0.776119403,0,0.457938014,19,0.866666667,1,0,0,0.947368421,1,0,0,22,17,4,0,1,0,0,0.714285714,1,0.892857143,9,0.555555556,14.33333333,8.814814815,2,2,0.222222222,0.345679012,38,0.28358209,0,0,0,0,11,user14
0,1,14.39285714,11.38756614,65,31,403,0,94,0,0.708333333,0,0.23325062,3,0.909090909,1,0,0,0,1,0,1,1,0,0,1,0,0,0,0.714285714,1,0.892857143,0,0,0,0,3,2,0,0,13,0.541666667,0,0,1,1,12,user14
0,1,16.39583333,18.00930851,135,43,787,0,358,0,0.853658537,0,0.454891995,3,0.777777778,1,0,0,0.666666667,1,0,1,3,2,0,1,0,0,0,0.714285714,1,0.892857143,0,0,0,0,3,4,0,0,20,0.487804878,0,0,0,1,12,user14
0,1,13.90909091,15.17748918,37,23,306,0,33,0,0.5625,0,0.107843137,5,0.8,0.2,0.6,0.2,0.2,1,0,1,0,0,0,0,0,0,0,0.714285714,1,0.892857143,0,0,0,0,3,2,0,0,6,0.375,0,0,0,0,12,user14
0,1,16.03076923,16.12211538,165,72,1042,0,585,0,0.838709677,0,0.561420345,3,0.884615385,1,0,0,1,1,0,1,11,6,3,1,1,0,0,0.71,1,0.892857143,0,0,0,0,3,3,0,0,22,0.35483871,0,0,1,1,12,user14
0,1,11.125,10.19758065,58,36,356,0,132,0,0.785714286,0,0.370786517,0,0,0,0,0,0,1,0,1,4,0,0,1,2,0,1,0.71,1,0.892857143,0,0,0,0,3,4,0,0,12,0.428571429,0,0,0,1,13,user14
0,1,12.57017544,11.2998758,251,66,1433,0,507,0,0.528846154,0,0.35380321,35,0.928571429,1,0,0,0.885714286,1,0,1,11,4,0,5,2,0,0,0.715686275,1,0.896551724,3,0,11.33333333,8.444444444,2,4,2,0,49,0.471153846,0,0,1,1,13,user14
0,1,21.55072464,20.66048593,348,45,1487,0,463,0,0.78125,0,0.311365165,6,1,1,0,0,0.666666667,1,0,1,7,3,2,2,0,0,0,0.715686275,1,0.896551724,2,1,30,12,3,9,2,2,34,0.53125,0,0,1,0,2,user14
0,1,10,12.51282051,87,21,400,0,162,0,0.459459459,0,0.405,3,1,1,0,0,1,1,0,1,7,5,2,0,0,0,0,0.715686275,1,0.896551724,5,0.6,4.8,1.28,2,2,0.8,0.64,10,0.27027027,0,0,0,0,2,user14
0,1,16.4787234,17.57595516,230,68,1549,0,462,0,1.128571429,0,0.29825694,1,0.333333333,1,0,0,0,1,1,1,7,3,0,3,1,0,0,0.698113208,1,0.896551724,0,0,0,0,3,3,0,0,42,0.6,0,2,1,0,2,user14
0,1,12.27428571,17.45449038,791,101,4296,0,3765,0,0.993243243,0,0.876396648,153,0.797619048,0.150326797,0.836601307,0.013071895,0.071895425,1,1,1,62,41,6,15,0,0,0,0.700934579,1,0.896551724,12,0.454545455,27.45454545,32.11570248,2,8,1.333333333,0.777777778,128,0.432432432,0,4,1,0,2,user14
0,1,20.24324324,14.97222222,124,35,749,0,143,0,0.451612903,0,0.190921228,15,1,1,0,0,1,1,1,0,1,0,0,1,0,0,0,0.700934579,1,0.896551724,0,0,0,0,3,2,0,0,25,0.806451613,0,0,0,0,3,user14
0,1,12.03030303,13.58806818,87,21,397,0,165,0,0.533333333,0,0.415617128,3,1,1,0,0,1,1,1,1,7,5,2,0,0,0,0,0.700934579,1,0.896551724,5,0.6,3.6,0.96,1,2,0.8,0.64,10,0.333333333,0,0,0,0,3,user14
0,1,13.072,13.97580645,293,63,1634,0,421,0,0.703703704,0,0.257649939,4,1,1,0,0,0.75,1,1,1,10,2,0,8,0,0,0,0.688073394,1,0.896551724,12,0,6.833333333,2.833333333,2,13,0.333333333,0.555555556,38,0.351851852,0,0,1,1,3,user14
0,1,12.53191489,11.90749306,93,37,589,0,226,0,0.863636364,0,0.383701188,3,0.5,1,0,0,0,1,1,1,1,0,0,1,0,0,0,0.688073394,1,0.896551724,0,0,0,0,3,4,0,0,18,0.409090909,0,0,1,0,4,user14
0,1,17.44186047,18.07696567,99,39,750,0,234,0,0.815789474,0,0.312,3,1,1,0,0,1,1,1,1,6,2,2,2,0,0,0,0.688073394,1,0.896551724,0,0,0,0,3,5,0,0,13,0.342105263,0,0,0,1,4,user14
0,1,15.29032258,10.44516129,71,40,474,0,127,0,0.785714286,0,0.267932489,3,0.428571429,1,0,0,0,1,1,0,1,1,0,0,0,0,0,0.688073394,1,0.896551724,0,0,0,0,3,3,0,0,16,0.571428571,1,0,0,0,4,user14
0,1,11.13483146,13.01532176,223,40,991,0,393,0,0.797468354,0,0.396569122,3,1,1,0,0,1,1,1,0,12,1,0,11,0,0,0,0.688073394,1,0.896551724,4,0,9.75,0.875,2,3,0.75,0.75,40,0.506329114,0,0,1,0,4,user14
0,1,9.835526316,12.69349076,270,55,1495,0,1053,0,0.880597015,0,0.704347826,3,1,1,0,0,1,1,1,1,18,9,3,3,3,0,0,0.688073394,1,0.896551724,7,0.857142857,16.85714286,14.6122449,2,3,0.857142857,0.734693878,52,0.388059701,0,0,0,1,5,user14
0,1,18,14.96875,276,79,1746,0,488,0,1.0625,0,0.279495991,23,0.846153846,0.391304348,0.565217391,0.043478261,0.173913043,1,1,1,6,1,1,4,0,0,0,0.688073394,1,0.896551724,0,0,0,0,3,5,0,0,64,0.8,1,0,0,1,5,user14
0,1,25.25433526,18.71205807,504,85,4369,0,1044,0,0.838709677,0,0.238956283,35,0.75,1,0,0,1,1,1,0,1,1,0,0,0,0,0,0.688073394,1,0.896551724,1,0,5,0,1,3,1,0,109,0.703225806,1,0,0,0,6,user14
0,1,13.09920635,14.52550117,685,72,3301,0,1221,0,0.84375,0,0.369887913,30,0.794117647,0.4,0.6,0,0.2,1,1,0,32,7,2,23,0,0,0,0.688073394,1,0.896551724,4,0,9.75,0.875,2,4,0.75,0.75,108,0.482142857,0,0,1,0,6,user14
0,1,11.29032258,11.00322581,66,17,350,0,126,0,1,0,0.36,0,0,0,0,0,0,1,1,0,1,0,0,1,0,0,0,0.690909091,1,0.896551724,0,0,0,0,3,2,0,0,19,0.76,0,0,0,0,7,user14
0,1,15.57861635,16.93969429,415,41,2477,0,698,0,0.797202797,0,0.281792491,4,1,1,0,0,0.75,1,1,0,18,2,2,14,0,0,0,0.693693694,1,0.896551724,3,1,8.333333333,2.888888889,2,3,0.333333333,0.444444444,75,0.524475524,1,0,0,0,7,user14
0,1,12.35135135,14.2939652,154,42,914,0,174,0,0.580645161,0,0.190371991,3,1,1,0,0,1,1,1,1,3,1,1,1,0,0,0,0.693693694,1,0.896551724,6,0,4,0,2,4,0.5,0.5,16,0.258064516,0,0,0,1,8,user14
0,1,21.51485149,18.13821782,256,87,2173,0,800,0,0.720430108,0,0.368154625,24,0.925925926,1,0,0,0.958333333,1,1,1,12,3,1,3,5,0,0,0.696428571,1,0.896551724,0,0,0,0,3,3,0,0,55,0.591397849,0,0,1,1,8,user14
0,1,12.7,14.54137931,54,23,381,0,53,0,0.458333333,0,0.139107612,3,1,1,0,0,1,1,1,0,0,0,0,0,0,0,0,0.696428571,1,0.896551724,2,0,4,0,2,2,0,0,7,0.291666667,0,0,0,0,8,user14
0,1,11.66666667,14.60606061,19,15,140,0,22,0,0.444444444,0,0.157142857,3,1,1,0,0,1,1,1,0,0,0,0,0,0,0,0,0.696428571,1,0.896551724,1,1,5,0,2,2,0,0,2,0.222222222,0,0,0,0,9,user14
0,1,22.85964912,14.16510025,182,62,1303,0,271,0,0.711538462,0,0.207981581,8,0.916666667,1,0,0,0.875,1,1,1,1,0,0,1,0,0,0,0.696428571,1,0.896551724,1,1,7,0,2,3,2,0,39,0.75,0,0,0,0,9,user14
0,1,12.84615385,14.28947368,70,38,501,0,120,0,0.65625,0,0.239520958,4,1,1,0,0,0.75,1,1,1,2,1,0,1,0,0,0,0.696428571,1,0.896551724,3,0,7,3.333333333,2,3,0.666666667,0.444444444,8,0.25,0,0,0,1,9,user14
0,1,10.65,15.06578947,33,21,213,0,41,0,0.692307692,0,0.192488263,3,1,1,0,0,1,1,1,0,0,0,0,0,0,0,0,0.696428571,1,0.896551724,1,1,5,0,2,2,0,0,3,0.230769231,0,0,0,0,9,user14
0,1,11.90502793,12.41965351,401,79,2131,0,1026,0,0.863354037,0,0.481464101,2,1,1,0,0,0,1,1,1,32,16,4,7,5,0,0,0.704347826,1,0.896551724,10,0.3,15.7,6.64,2,4,1.4,0.48,84,0.52173913,0,0,0,0,1,user16
0,1,0,1,0,0,0,0,0,0,0,0,0,0,0,0,0,0,0,0,1,0,0,0,0,0,0,0,0,0.704347826,0,0.896551724,0,0,0,0,3,1,0,0,0,0,0,0,0,0,11,user16
0,1,0,1,0,0,0,0,0,0,0,0,0,0,0,0,0,0,0,0,1,0,0,0,0,0,0,0,0,0.704347826,0,0.896551724,0,0,0,0,3,1,0,0,0,0,0,0,0,0,11,user16
0,1,12.23076923,14.78221778,167,55,954,0,663,0,0.898550725,0,0.694968553,0,0,0,0,0,0,1,1,1,8,4,1,1,2,0,0,0.704347826,1,0.896551724,0,0,0,0,3,4,0,0,27,0.391304348,0,0,1,1,12,user16
0,1,10.02941176,10.11497326,57,27,341,0,122,0,0.821428571,0,0.357771261,1,1,1,0,0,1,1,1,1,2,0,0,2,0,0,0,0.704347826,1,0.896551724,0,0,0,0,3,2,0,0,13,0.464285714,0,0,0,1,12,user16
0,1,11.88505747,13.98302593,193,61,1034,0,355,0,0.985074627,0,0.343326886,0,0,0,0,0,0,1,1,1,6,2,2,2,0,0,0,0.704347826,1,0.896551724,1,1,6,0,2,4,1,0,26,0.388059701,0,0,1,1,12,user16
0,1,16.29090909,18.29323725,475,72,2688,0,893,0,0.881481481,0,0.332217262,2,1,1,0,0,0,1,1,1,17,6,1,9,1,0,0,0.692307692,1,0.896551724,12,0.5,11.58333333,8.777777778,2,9,1.416666667,0.486111111,68,0.503703704,0,0,1,1,2,user16
0,1,10.51428571,12.64621849,83,17,368,0,157,0,0.441176471,0,0.426630435,0,0,0,0,0,0,1,1,1,7,5,2,0,0,0,0,0.692307692,1,0.896551724,5,0.6,4.8,1.28,2,2,0.8,0.64,10,0.294117647,0,0,0,0,2,user16
0,1,14.37588652,16.49108409,354,69,2027,0,457,0,0.652173913,0,0.225456339,2,1,1,0,0,0,1,1,1,8,1,1,5,1,0,0,0.692307692,1,0.896551724,8,0.5,7.25,4.375,2,9,1.5,0.5,45,0.391304348,0,0,1,1,2,user16
0,1,10.62162162,11.32025176,137,46,786,0,300,0,0.907692308,0,0.381679389,0,0,0,0,0,0,1,1,1,6,2,2,2,0,0,0,0.692307692,1,0.896551724,2,1,11,4,2,4,0.5,0.5,25,0.384615385,0,0,0,1,4,user16
0,1,17.03076923,18.72956731,246,37,1107,0,358,0,0.727272727,0,0.323396567,0,0,0,0,0,0,1,1,0,11,0,0,11,0,0,0,0.692307692,0,0.896551724,0,0,0,0,3,3,0,0,40,0.727272727,0,0,0,0,4,user16
0,1,10.00625,15.97849843,272,45,1601,0,1799,0,0.910344828,0,1.123672705,0,0,0,0,0,0,1,1,1,21,13,2,0,6,0,0,0.692307692,1,0.896551724,0,0,0,0,3,2,0,0,59,0.406896552,0,0,0,0,5,user16
0,1,15.62573099,18.01166151,606,55,2672,0,1091,0,0.821917808,0,0.408308383,0,0,0,0,0,0,1,1,0,32,5,4,23,0,0,0,0.692307692,1,0.896551724,0,0,0,0,3,4,0,0,97,0.664383562,0,0,0,0,6,user16
0,1,16.7715736,19.02916192,531,36,3304,0,1130,0,0.891428571,0,0.342009685,0,0,0,0,0,0,1,1,0,27,7,4,16,0,0,0,0.697478992,1,0.896551724,0,0,0,0,3,3,0,0,96,0.548571429,0,0,0,0,7,user16
0,1,10.53571429,13.17063492,42,17,295,0,68,0,0.636363636,0,0.230508475,0,0,0,0,0,0,1,1,0,1,1,0,0,0,0,0,0.697478992,0,0.896551724,0,0,0,0,3,2,0,0,6,0.272727273,0,0,0,0,8,user16
0,1,15.67647059,18.87664618,179,47,1066,0,216,0,0.735849057,0,0.202626642,0,0,0,0,0,0,1,1,0,5,1,1,3,0,0,0,0.691666667,1,0.896551724,0,0,0,0,3,3,0,0,22,0.41509434,0,0,0,0,8,user16
0,1,15.48529412,14.23375768,186,57,1053,0,260,0,0.928571429,0,0.24691358,6,1,0,1,0,0,1,1,1,3,1,0,2,0,0,0,0.691666667,1,0.866666667,1,0,4,0,2,3,2,0,36,0.642857143,0,0,0,0,8,user16
0,1,10.23529412,12.21691176,22,15,174,0,19,0,0.5,0,0.109195402,5,1,0,1,0,0,1,1,0,0,0,0,0,0,0,0,0.691666667,0,0.866666667,0,0,0,0,3,2,0,0,3,0.25,0,0,0,0,9,user16
0,1,11.91428571,14.93109244,69,31,417,0,119,0,0.703703704,0,0.285371703,0,0,0,0,0,0,1,1,0,2,1,0,1,0,0,0,0.691666667,0,0.866666667,0,0,0,0,3,3,0,0,9,0.333333333,0,0,0,0,9,user16
0,1,14.42857143,16.83068783,64,23,404,0,57,0,0.5,0,0.141089109,5,1,0,1,0,0,1,1,0,0,0,0,0,0,0,0,0.691666667,0,0.866666667,0,0,0,0,3,2,0,0,7,0.318181818,0,0,0,0,9,user16
0,1,13.39583333,12.77017888,429,77,2572,270,410,140,0.849162011,1,0.264385692,0,0,0,0,0,0,1,1,1,34,22,3,8,1,0,0,0.693548387,1,0.866666667,10,0.3,17,5.8,2,5,1.4,0.48,84,0.469273743,0,0,0,0,1,user2
0,1,9.5,13.07142857,16,10,76,0,10,0,0.4,0,0.131578947,0,0,0,0,0,0,1,1,0,0,0,0,0,0,0,0,0.693548387,1,0.866666667,1,0,4,0,2,2,4,0,0,0,0,0,0,0,2,user2
0,1,13.14285714,12.49206349,83,17,368,18,88,14,0.518518519,1,0.288043478,0,0,0,0,0,0,1,1,1,7,5,2,0,0,0,0,0.693548387,1,0.866666667,5,0.6,3.6,0.96,1,2,0.8,0.64,10,0.37037037,0,0,0,0,2,user2
0,1,16.28089888,14.34167518,273,62,1449,69,238,37,0.602564103,1,0.211870255,79,0.849056604,0.215189873,0.772151899,0.012658228,0.202531646,1,1,1,11,5,2,4,0,0,0,0.693548387,1,0.866666667,8,0.5,6,3.25,1,6,1.375,0.96875,37,0.474358974,0,0,0,0,3,user2
0,1,19.1097561,18.82851551,260,57,1567,52,143,31,0.696969697,1,0.124441608,0,0,0,0,0,0,1,1,1,6,1,0,4,1,0,0,0.688,1,0.866666667,12,0,3.75,1,1,4,0.333333333,0.555555556,29,0.439393939,0,0,0,0,3,user2
0,1,13.77027027,15.85986672,229,36,1019,65,167,43,0.966101695,1,0.22767419,0,0,0,0,0,0,1,1,0,13,1,1,11,0,0,0,0.688,1,0.866666667,4,0,9,0.5,1,3,1,0.5,39,0.661016949,0,0,0,0,4,user2
0,1,17.82142857,14.98544974,85,30,499,20,63,13,0.739130435,1,0.166332665,0,0,0,0,0,0,1,0.8,1,3,2,1,0,0,0,0,0.688,1,0.866666667,0,0,0,0,3,6,0,0,8,0.347826087,0,0,0,0,4,user2
0,1,12.66386555,10.9637516,238,47,1507,250,171,90,0.908256881,1,0.279362973,0,0,0,0,0,0,1,0.8,0,19,8,4,0,6,1,0,0.688,1,0.866666667,6,0.833333333,16,15,1,2,0.666666667,0.666666667,50,0.458715596,0,0,0,0,5,user2
0,1,15.41919192,17.56245193,628,66,3053,178,441,119,0.858823529,1,0.202751392,0,0,0,0,0,0,1,0.8,0,26,4,0,22,0,0,0,0.688,1,0.866666667,4,0,8,0.5,2,5,1,0.5,98,0.576470588,0,0,0,0,6,user2
0,1,18.89928058,18.06521739,406,43,2627,152,339,95,0.879032258,1,0.186905215,0,0,0,0,0,0,1,0.8,1,23,6,2,15,0,0,0,0.69047619,1,0.866666667,3,1,7.333333333,0.444444444,1,3,0.333333333,0.444444444,80,0.64516129,0,0,0,0,7,user2
0,1,28.91666667,33.41666667,45,25,347,1,41,1,0.5,1,0.121037464,0,0,0,0,0,0,1,0.8,0,0,0,0,0,0,0,0,0.69047619,1,0.866666667,1,1,3,0,1,3,1,0,2,0.25,0,0,0,0,9,user2
0,1,22.93939394,23.45738636,102,43,757,16,68,10,0.68,1,0.110964333,0,0,0,0,0,0,1,0.8,1,2,1,0,1,0,0,0,0.69047619,1,0.866666667,4,0.25,4.75,1.75,1,3,0.75,0.375,9,0.36,0,0,0,0,9,user2
0,1,19.14285714,17.58571429,59,25,402,6,44,6,0.625,1,0.124378109,0,0,0,0,0,0,1,0.8,0,0,0,0,0,0,0,0,0.69047619,1,0.866666667,1,1,3,0,1,2,1,0,7,0.4375,0,0,0,0,9,user2
0,1,13.30875576,12.53379416,544,92,2888,0,1362,0,0.912371134,0,0.471606648,7,1,0.428571429,0.428571429,0.142857143,0.428571429,1,0.8,1,39,26,3,9,1,0,0,0.69047619,1,0.866666667,9,0.333333333,18.66666667,7.703703704,1,7,1.444444444,0.49382716,104,0.536082474,0,0,1,0,1,user3
0,1,22.22666667,16.47423423,190,63,1667,0,333,0,1.046875,0,0.199760048,16,0.823529412,0.5,0.5,0,0,1,0.8,1,4,0,0,4,0,0,0,0.69047619,1,0.866666667,0,0,0,0,3,2,0,0,47,0.734375,0,0,0,1,1,user3
0,1,16.11111111,14.8197065,138,51,870,0,161,0,0.755555556,0,0.185057471,0,0,0,0,0,0,1,0.8,1,4,1,0,2,1,0,0,0.69047619,1,0.866666667,5,0,4,1.2,1,3,0.6,0.48,21,0.466666667,0,1,0,0,10,user3
0,1,15.37209302,11.42358804,108,40,661,0,136,0,0.944444444,0,0.205748865,0,0,0,0,0,0,1,0.8,0,2,1,1,0,0,0,0,0.69047619,1,0.866666667,0,0,0,0,3,2,0,0,25,0.694444444,0,0,0,0,10,user3
0,1,11.14705882,11.6657754,72,29,379,0,161,0,0.896551724,0,0.424802111,0,0,0,0,0,0,1,0.8,1,3,0,0,2,1,0,0,0.69047619,1,0.866666667,0,0,0,0,3,3,0,0,18,0.620689655,0,0,0,0,11,user3
0,1,17.73282443,14.05913095,352,71,2323,0,714,0,0.991525424,0,0.307361171,29,0.833333333,0.137931034,0.793103448,0.068965517,0.034482759,1,0.8,1,9,3,0,6,0,0,0,0.69047619,1,0.866666667,0,0,0,0,3,4,0,0,74,0.627118644,0,0,1,1,12,user3
0,1,12.92857143,10.49651568,91,36,543,0,208,0,0.842105263,0,0.38305709,0,0,0,0,0,0,1,0.8,1,4,2,0,0,2,0,0,0.69047619,1,0.866666667,0,0,0,0,3,4,0,0,22,0.578947368,0,3,1,0,12,user3
0,1,13.55882353,11.17736185,74,36,461,0,106,0,0.75862069,0,0.229934924,0,0,0,0,0,0,1,0.8,1,4,0,0,1,2,0,1,0.69047619,1,0.866666667,1,1,6,0,1,4,1,0,16,0.551724138,0,0,0,0,13,user3
0,1,12.11538462,10.92769231,50,29,315,0,80,0,0.9,0,0.253968254,1,1,1,0,0,0,1,0.8,1,2,0,0,1,1,0,0,0.69047619,1,0.866666667,0,0,0,0,3,3,0,0,10,0.5,0,0,0,1,13,user3
0,1,16.80555556,14.72507788,415,63,1815,0,633,0,0.945652174,0,0.348760331,90,0.826923077,0.011111111,0.966666667,0.022222222,0,1,0.8,1,17,10,0,6,1,0,0,0.692913386,1,0.866666667,7,0.142857143,13.14285714,8.693877551,1,7,2.428571429,0.612244898,58,0.630434783,0,0,1,0,2,user3
0,1,21.21917808,14.66400304,284,67,1549,0,443,0,0.953846154,0,0.285990962,31,0.971428571,0.064516129,0.903225806,0.032258065,0,1,0.8,1,6,2,1,2,1,0,0,0.6953125,1,0.866666667,0,0,0,0,3,3,0,0,57,0.876923077,0,1,1,0,2,user3
0,1,9.945945946,11.95645646,83,17,368,0,188,0,0.741935484,0,0.510869565,0,0,0,0,0,0,1,0.8,1,7,5,2,0,0,0,0,0.6953125,1,0.866666667,5,0.6,4,0.8,1,2,0.8,0.64,10,0.322580645,0,0,0,0,2,user3
0,1,20.12903226,15.17419355,117,37,624,0,152,0,0.785714286,0,0.243589744,12,1,0,1,0,0,1,0.8,0,1,0,0,1,0,0,0,0.6953125,1,0.866666667,0,0,0,0,3,2,0,0,24,0.857142857,0,0,0,0,3,user3
0,1,9.783783784,11.82582583,85,18,362,0,188,0,0.741935484,0,0.519337017,0,0,0,0,0,0,1,0.8,1,7,5,2,0,0,0,0,0.6953125,1,0.866666667,5,0.6,4,0.8,1,2,0.8,0.64,10,0.322580645,0,0,0,0,3,user3
0,1,18.57272727,16.81242702,380,69,2043,0,450,0,0.817204301,0,0.220264317,7,0.888888889,0.285714286,0.714285714,0,0,1,0.8,1,11,2,0,8,1,0,0,0.6953125,1,0.866666667,12,0,4.833333333,2.583333333,1,8,0.333333333,0.555555556,55,0.591397849,0,0,1,0,3,user3
0,1,13.73684211,12.0398293,82,43,522,0,154,0,1.034482759,0,0.295019157,3,0.428571429,1,0,0,0,1,0.8,0,1,1,0,0,0,0,0,0.6953125,1,0.866666667,0,0,0,0,3,3,0,0,18,0.620689655,1,0,0,0,4,user3
0,1,15.64556962,15.79811749,262,41,1236,0,470,0,0.857142857,0,0.3802589,0,0,0,0,0,0,1,0.8,0,17,6,1,10,0,0,0,0.6953125,1,0.866666667,4,0,9.25,0.75,1,3,1,0.5,38,0.542857143,0,0,0,0,4,user3
0,1,16.80769231,14.77272727,184,47,1311,0,366,0,0.943661972,0,0.279176201,6,0.833333333,1,0,0,0,1,0.8,1,8,4,1,3,0,0,0,0.6953125,1,0.866666667,0,0,0,0,3,4,0,0,30,0.422535211,0,0,0,1,4,user3
0,1,14.66929134,14.52024747,312,47,1863,0,930,0,0.938596491,0,0.499194847,4,0.777777778,1,0,0,0,1,0.8,0,21,13,2,6,0,0,0,0.6953125,1,0.866666667,6,0.833333333,16.33333333,15.22222222,1,3,0.666666667,0.666666667,66,0.578947368,0,0,1,0,5,user3
0,1,12.69767442,13.02879291,98,36,546,0,158,0,1.090909091,0,0.289377289,0,0,0,0,0,0,1,0.8,1,5,2,2,1,0,0,0,0.6953125,1,0.866666667,0,0,0,0,3,3,0,0,20,0.606060606,0,0,0,0,5,user3
0,1,22.14534884,21.14120087,429,61,3809,0,945,0,1.164285714,0,0.248096613,5,1,1,0,0,0,1,0.8,0,0,0,0,0,0,0,0,0.6953125,1,0.866666667,1,0,4,0,1,3,1,0,92,0.657142857,0,0,0,0,6,user3
0,1,17.20540541,16.72417744,683,63,3183,0,1076,0,0.907407407,0,0.338045869,1,1,1,0,0,0,1,0.8,0,33,11,1,21,0,0,0,0.6953125,1,0.866666667,4,0,9.25,0.75,1,7,1,0.5,101,0.62345679,0,0,0,0,6,user3
0,1,14.1025641,12.41497976,87,22,550,0,129,0,1.103448276,0,0.234545455,0,0,0,0,0,0,1,0.8,0,0,0,0,0,0,0,0,0.684615385,1,0.866666667,0,0,0,0,3,2,0,0,24,0.827586207,0,0,0,0,7,user3
0,1,18.27338129,16.55922219,402,44,2540,0,605,0,0.864,0,0.238188976,0,0,0,0,0,0,1,0.8,0,20,4,2,8,6,0,0,0.687022901,1,0.866666667,3,1,5.666666667,1.777777778,1,3,0.333333333,0.444444444,71,0.568,0,0,0,0,7,user3
0,1,21.66666667,23.39393939,37,18,260,0,22,0,0.75,0,0.084615385,0,0,0,0,0,0,1,0.8,0,0,0,0,0,0,0,0,0.687022901,1,0.866666667,1,1,4,0,1,2,1,0,2,0.25,0,0,0,0,9,user3
0,1,19.44827586,15.91893527,160,59,1128,0,215,0,0.934782609,0,0.190602837,1,0,1,0,0,1,1,0.8,1,1,0,0,1,0,0,0,0.687022901,1,0.866666667,1,1,7,0,2,3,2,0,32,0.695652174,0,0,0,0,9,user3
0,1,21.96296296,22.80769231,86,33,593,0,78,0,0.714285714,0,0.13153457,0,0,0,0,0,0,1,0.8,0,2,1,0,1,0,0,0,0.687022901,1,0.866666667,4,0.25,4.25,1.375,1,3,0.75,0.375,7,0.333333333,0,0,0,0,9,user3
0,1,17.63636364,18.6,31,17,194,0,24,0,0.625,0,0.12371134,0,0,0,0,0,0,1,0.8,0,0,0,0,0,0,0,0,0.687022901,1,0.866666667,1,1,3,0,1,2,1,0,3,0.375,0,0,0,0,9,user3
0,1,10.40764331,12.17613915,286,45,1634,0,980,0,0.908450704,0,0.599755202,0,0,0,0,0,0,1,0.8,1,26,15,4,4,3,0,0,0.689393939,1,0.866666667,6,0.166666667,14.66666667,5.555555556,2,5,1.666666667,0.444444444,50,0.352112676,0,0,0,1,1,user4
0,1,14.54054054,14.40990991,91,49,538,5,147,5,1.035714286,1,0.282527881,23,0.903225806,0,1,0,0,1,0.8,1,1,0,0,1,0,0,0,0.689393939,1,0.866666667,0,0,0,0,3,2,0,0,21,0.75,0,0,1,0,1,user4
0,1,15.375,14.85387324,186,57,1107,0,331,0,0.841269841,0,0.299006323,1,1,1,0,0,0,1,0.8,1,5,3,1,1,0,0,0,0.689393939,1,0.866666667,0,0,0,0,3,3,0,0,31,0.492063492,0,0,0,0,11,user4
0,1,14.89830508,11.72472238,134,44,879,0,211,0,0.862745098,0,0.240045506,1,1,1,0,0,1,1,0.8,1,3,0,0,3,0,0,0,0.689393939,1,0.866666667,0,0,0,0,3,3,0,0,29,0.568627451,0,0,0,1,12,user4
0,1,12.73333333,12.27231638,122,43,764,0,311,0,0.98,0,0.407068063,3,1,1,0,0,0,1,0.8,1,6,3,0,1,2,0,0,0.691729323,1,0.866666667,0,0,0,0,3,3,0,0,27,0.54,0,0,1,1,12,user4
0,1,12.58333333,11.76515152,24,17,151,0,14,0,0.444444444,0,0.092715232,0,0,0,0,0,0,1,0.8,0,0,0,0,0,0,0,0,0.691729323,1,0.866666667,0,0,0,0,3,2,0,0,3,0.333333333,0,0,0,0,12,user4
0,1,14.98529412,11.45324846,162,61,1019,0,266,0,0.85,0,0.261040236,1,1,1,0,0,0,1,0.8,1,7,1,0,1,3,0,2,0.691729323,1,0.866666667,2,0,14.5,4.5,1,4,0,0,35,0.583333333,0,0,0,1,13,user4
0,1,14.79245283,17.37808418,172,35,784,1,313,1,0.840909091,1,0.400510204,0,0,0,0,0,0,1,0.8,0,7,5,0,2,0,0,0,0.691729323,1,0.866666667,5,0.6,9,5.2,2,8,2.2,0.72,18,0.409090909,0,0,0,0,2,user4
0,1,14.3974359,13.9019314,214,63,1123,0,540,0,0.927536232,0,0.480854853,3,1,1,0,0,0,1,0.8,1,8,2,1,4,1,0,0,0.691729323,1,0.866666667,0,0,0,0,3,4,0,0,42,0.608695652,0,0,1,0,2,user4
0,1,10.51428571,12.64621849,83,17,368,0,157,0,0.441176471,0,0.426630435,0,0,0,0,0,0,1,0.8,1,7,5,2,0,0,0,0,0.691729323,1,0.866666667,5,0.6,4.8,1.28,2,2,0.8,0.64,10,0.294117647,0,0,0,0,2,user4
0,1,24.64705882,17.16176471,65,39,419,0,57,0,0.4375,0,0.136038186,0,0,0,0,0,0,1,0.8,1,0,0,0,0,0,0,0,0.691729323,1,0.866666667,0,0,0,0,3,4,0,0,8,0.5,0,0,1,0,2,user4
0,1,20.55555556,16.5620915,66,31,370,0,82,0,0.588235294,0,0.221621622,0,0,0,0,0,0,1,0.8,0,1,0,0,1,0,0,0,0.691729323,1,0.866666667,0,0,0,0,3,2,0,0,10,0.588235294,0,0,0,0,3,user4
0,1,10.51428571,12.64621849,83,17,368,0,157,0,0.441176471,0,0.426630435,0,0,0,0,0,0,1,0.8,1,7,5,2,0,0,0,0,0.691729323,1,0.866666667,5,0.6,4.8,1.28,2,2,0.8,0.64,10,0.294117647,0,0,0,0,3,user4
0,1,13.45,14.55863309,334,70,1883,0,576,0,0.731092437,0,0.305894849,1,1,1,0,0,0,1,0.8,1,10,2,0,7,1,0,0,0.691729323,1,0.8125,2,0,9.5,2.5,3,13,0,0,45,0.378151261,0,0,0,1,3,user4
0,1,11.93518519,12.24844237,211,54,1289,0,470,0,0.957446809,0,0.364623739,0,0,0,0,0,0,1,0.8,1,6,3,1,2,0,0,0,0.691729323,1,0.8125,4,1,32.33333333,22.44444444,2,4,0.75,0.375,47,0.5,0,0,0,1,4,user4
0,1,16.85714286,9.931216931,71,43,472,0,112,0,0.592592593,0,0.237288136,3,0.428571429,1,0,0,1,1,0.8,0,1,1,0,0,0,0,0,0.691729323,1,0.8125,0,0,0,0,3,3,0,0,14,0.518518519,1,0,0,0,4,user4
0,1,9.869158879,13.30638335,235,39,1056,0,507,0,1,0,0.480113636,0,0,0,0,0,0,1,0.8,0,13,2,0,11,0,0,0,0.691729323,0,0.8125,0,0,0,0,3,3,0,0,39,0.481481481,0,0,0,0,4,user4
0,1,8.358823529,11.58465019,249,46,1421,0,1266,0,0.928104575,0,0.890921886,0,0,0,0,0,0,1,0.8,0,21,11,3,0,6,1,0,0.691729323,1,0.8125,0,0,0,0,3,2,0,0,55,0.359477124,0,0,0,0,5,user4
0,1,21.05555556,14.36792453,184,35,1137,0,287,0,0.92,0,0.252418646,0,0,0,0,0,0,1,0.8,1,2,0,0,2,0,0,0,0.691729323,1,0.8125,0,0,0,0,3,2,0,0,38,0.76,0,0,0,1,5,user4
0,1,25.39735099,20.48649007,433,63,3835,0,456,0,1.172131148,0,0.118904824,5,1,1,0,0,0,1,0.8,0,0,0,0,0,0,0,0,0.691729323,1,0.8125,1,0,5,0,1,3,1,0,93,0.762295082,0,0,0,0,6,user4
0,1,12.88306452,15.10021875,684,62,3195,0,1649,0,0.867256637,0,0.516118936,7,0.25,1,0,0,0.142857143,1,0.8,0,36,9,3,24,0,0,0,0.691729323,1,0.8125,0,0,0,0,3,4,0,0,109,0.482300885,0,0,0,0,6,user4
0,1,15,11.64705882,48,19,270,0,50,0,0.733333333,0,0.185185185,0,0,0,0,0,0,1,0.8,0,0,0,0,0,0,0,0,0.691729323,1,0.8125,0,0,0,0,3,2,0,0,10,0.666666667,0,0,0,0,7,user4
0,1,15.7987013,17.55296664,383,34,2433,0,861,0,0.826086957,0,0.353884094,3,1,0,1,0,0,1,0.8,0,22,10,0,12,0,0,0,0.691729323,1,0.8125,0,0,0,0,3,3,0,0,70,0.507246377,0,0,0,0,7,user4
0,1,23.38461538,17.43589744,43,22,304,0,40,0,0.545454545,0,0.131578947,0,0,0,0,0,0,1,0.8,0,0,0,0,0,0,0,0,0.691729323,0,0.8125,0,0,0,0,3,2,0,0,4,0.363636364,0,0,0,0,9,user4
0,1,20.47272727,13.95252525,159,58,1126,0,117,0,1,0,0.103907638,1,0,1,0,0,0,1,0.8,1,1,0,0,1,0,0,0,0.691729323,1,0.8125,1,1,5,0,1,3,2,0,32,0.744186047,0,0,0,0,9,user4
0,1,19.625,17.80241935,90,37,628,8,59,5,0.576923077,1,0.106687898,0,0,0,0,0,0,1,0.8,1,2,1,0,1,0,0,0,0.691729323,1,0.8125,1,0,8,0,2,3,1,0,8,0.307692308,0,0,0,0,9,user4
0,1,20.47368421,19.05263158,62,23,389,0,63,0,0.6,0,0.161953728,0,0,0,0,0,0,1,0.8,0,0,0,0,0,0,0,0,0.691729323,0,0.8125,0,0,0,0,3,2,0,0,7,0.466666667,0,0,0,0,9,user4
0,1,15.03448276,13.9812637,473,88,2616,229,414,120,0.83125,1,0.245795107,3,1,1,0,0,1,1,0.8,1,32,16,7,7,2,0,0,0.702898551,1,0.8125,10,0.3,13.4,3.4,1,5,1.4,0.48,72,0.45,0,0,0,0,1,user5
0,1,13.13846154,11.48100962,126,50,854,47,139,45,1.137254902,1,0.217798595,37,0.933333333,0.297297297,0.702702703,0,0,1,0.8,1,2,0,0,2,0,0,0,0.702898551,1,0.8125,0,0,0,0,3,3,0,0,30,0.588235294,0,0,0,1,1,user5
0,1,14.34285714,12.54789916,90,25,502,16,62,16,0.724137931,1,0.155378486,0,0,0,0,0,0,1,0.8,0,0,0,0,0,0,0,0,0.702898551,1,0.8125,3,0,3,0,1,2,0,0,16,0.551724138,0,0,0,0,10,user5
0,1,14.33333333,8.802083333,78,31,473,23,50,21,0.766666667,1,0.154334038,1,1,1,0,0,0,1,0.8,1,2,0,0,2,0,0,0,0.702898551,1,0.8125,0,0,0,0,3,2,0,0,18,0.6,0,0,1,1,12,user5
0,1,21.84782609,20.39178744,176,47,1005,38,108,27,0.8,1,0.145273632,0,0,0,0,0,0,1,0.8,1,5,2,2,1,0,0,0,0.705035971,1,0.8125,0,0,0,0,3,5,0,0,21,0.525,0,0,1,1,12,user5
0,1,18.02777778,15.11507937,106,42,649,37,69,22,0.78125,1,0.163328197,0,0,0,0,0,0,1,0.8,1,3,1,1,1,0,0,0,0.707142857,1,0.8125,0,0,0,0,3,4,0,0,15,0.46875,0,0,0,1,12,user5
0,1,13.41176471,9.668235294,109,47,684,70,75,38,0.872340426,1,0.211988304,0,0,0,0,0,0,1,0.8,1,8,4,1,1,2,0,0,0.707142857,1,0.8125,0,0,0,0,3,4,0,0,23,0.489361702,0,0,1,1,12,user5
0,1,13.97959184,14.12585034,120,36,685,21,81,19,0.717948718,1,0.148905109,0,0,0,0,0,0,1,0.8,1,2,1,1,0,0,0,0,0.713286713,1,0.8125,7,0,3.714285714,1.224489796,1,2,0.428571429,0.489795918,15,0.384615385,0,0,0,0,12,user5
0,1,13.1,10.87931034,63,34,393,23,35,16,0.8,1,0.147582697,0,0,0,0,0,0,1,0.8,0,3,1,0,1,1,0,0,0.715277778,1,0.8125,2,0,10.5,0.5,1,4,0,0,10,0.4,0,0,1,1,12,user5
0,1,15.88405797,14.36083783,444,76,2192,176,387,102,0.888888889,1,0.256843066,4,1,0,1,0,0,1,0.8,1,24,10,1,11,2,0,0,0.707482993,1,0.8125,7,0.285714286,13.28571429,11.75510204,1,5,1.428571429,1.224489796,77,0.611111111,0,0,1,1,2,user5
0,1,14.86206897,13.2722323,174,52,862,45,135,41,0.979591837,1,0.208816705,33,0.9375,0,1,0,0,1,0.8,1,4,1,1,2,0,0,0,0.709459459,1,0.8125,0,0,0,0,3,4,0,0,33,0.673469388,0,0,1,1,2,user5
0,1,10.22222222,12.25079365,83,17,368,18,88,14,0.814814815,1,0.288043478,0,0,0,0,0,0,1,0.8,1,7,5,2,0,0,0,0,0.709459459,1,0.8125,5,0.6,3.6,0.96,1,2,0.8,0.64,10,0.37037037,0,0,0,0,2,user5
0,1,15.88405797,14.36083783,444,76,2192,176,387,102,0.888888889,1,0.256843066,4,1,0,1,0,0,1,0.8,1,24,10,1,11,2,0,0,0.709459459,1,0.8125,7,0.285714286,13.28571429,11.75510204,1,5,1.428571429,1.224489796,77,0.611111111,0,0,1,1,3,user5
0,1,10.22222222,12.25079365,83,17,368,18,88,14,0.814814815,1,0.288043478,0,0,0,0,0,0,1,0.8,1,7,5,2,0,0,0,0,0.709459459,1,0.8125,5,0.6,3.6,0.96,1,2,0.8,0.64,10,0.37037037,0,0,0,0,3,user5
0,1,16.46551724,14.39897157,153,53,955,73,144,39,0.846153846,1,0.227225131,1,1,1,0,0,0,1,0.8,1,5,2,2,1,0,0,0,0.709459459,1,0.8125,4,1,16.33333333,6.888888889,1,5,0.75,0.375,28,0.538461538,0,0,0,1,4,user5
0,1,16.87096774,17.58434691,231,38,1046,60,167,36,0.796296296,1,0.217017208,0,0,0,0,0,0,1,0.8,0,12,1,0,11,0,0,0,0.709459459,1,0.8125,4,0,6.75,1.875,1,3,1,0.5,34,0.62962963,0,0,0,0,4,user5
0,1,12.92561983,11.79359504,284,38,1564,229,216,93,0.918918919,1,0.284526854,0,0,0,0,0,0,1,0.8,0,25,11,5,0,9,0,0,0.709459459,1,0.8125,6,0.833333333,16.16666667,16.94444444,1,3,0.666666667,0.666666667,46,0.414414414,0,0,0,0,5,user5
0,1,17.35294118,11.56588235,154,39,885,35,84,34,0.826086957,1,0.134463277,0,0,0,0,0,0,1,0.8,1,1,0,0,1,0,0,0,0.709459459,1,0.8125,4,1,14.66666667,13.55555556,1,3,1.5,0.5,35,0.760869565,1,0,0,1,5,user5
0,1,15.64942529,15.48817354,605,57,2723,195,431,117,0.882352941,1,0.2298935,1,1,1,0,0,1,1,0.8,0,31,6,2,23,0,0,0,0.709459459,1,0.8125,4,0,6.75,1.875,1,5,1,0.5,99,0.647058824,0,0,0,0,6,user5
0,1,16.67647059,18.15062389,94,30,567,17,135,17,1.272727273,1,0.268077601,0,0,0,0,0,0,1,0.8,0,0,0,0,0,0,0,0,0.704697987,1,0.8125,0,0,0,0,3,2,0,0,18,0.818181818,0,0,0,0,7,user5
0,1,16.73239437,17.68224953,385,36,2376,159,364,94,0.966101695,1,0.220117845,0,0,0,0,0,0,1,0.8,0,22,6,5,10,1,0,0,0.7,1,0.8125,3,1,7.666666667,3.555555556,1,3,0.333333333,0.444444444,67,0.56779661,1,0,0,0,7,user5
0,1,21.71428571,28.5,21,15,152,1,22,1,0.4,1,0.151315789,0,0,0,0,0,0,1,0.8,0,0,0,0,0,0,0,0,0.7,1,0.8125,1,1,4,0,2,2,1,0,1,0.2,0,0,0,0,9,user5
0,1,19.16,22.34666667,70,32,479,14,58,10,0.7,1,0.150313152,0,0,0,0,0,0,1,0.8,0,2,1,0,1,0,0,0,0.7,1,0.8125,4,0.25,4.75,2.125,1,3,0.75,0.375,8,0.4,0,0,0,0,9,user5
0,1,14.84615385,18.30769231,31,17,193,3,26,3,0.5,1,0.150259067,0,0,0,0,0,0,1,0.8,0,0,0,0,0,0,0,0,0.7,1,0.8125,1,1,4,0,2,2,1,0,3,0.3,0,0,0,0,9,user5
0,1,13.64888889,11.65017857,549,104,3071,270,460,163,0.868292683,1,0.237707587,3,1,1,0,0,1,1,0.8,1,32,21,1,7,3,0,0,0.701298701,1,0.8125,11,0.272727273,16.63636364,6.26446281,1,4,1,0.181818182,108,0.526829268,0,0,0,0,1,user6
0,1,13.08730159,9.408952381,242,78,1649,107,270,95,1.095238095,1,0.228623408,13,0.8,1,0,0,0,1,0.8,1,5,2,1,2,0,0,0,0.696774194,1,0.8125,0,0,0,0,3,3,0,0,75,0.714285714,0,0,0,1,1,user6
0,1,12.3559322,13.24137931,127,35,729,29,96,23,0.6875,1,0.171467764,3,0.571428571,1,0,0,0,1,0.8,0,3,3,0,0,0,0,0,0.696774194,1,0.8125,3,0,4,0,2,3,0,0,17,0.354166667,0,0,0,0,10,user6
0,1,12.45333333,12.49027027,155,49,934,51,84,37,0.819672131,1,0.144539615,8,0.923076923,0,1,0,0,1,0.8,1,6,2,0,2,2,0,0,0.696774194,1,0.8125,5,0,6.2,2.64,2,3,0.2,0.32,29,0.475409836,0,0,1,0,10,user6
0,1,12.95652174,10.5236715,92,40,596,28,48,26,1.088235294,1,0.127516779,1,0.666666667,1,0,0,0,1,0.8,0,2,1,1,0,0,0,0,0.696774194,1,0.8125,0,0,0,0,3,2,0,0,23,0.676470588,0,0,0,0,10,user6
0,1,18.31746032,13.51331285,199,58,1154,59,145,44,0.827586207,1,0.17677643,0,0,0,0,0,0,1,0.8,1,4,1,0,2,1,0,0,0.696774194,1,0.8125,0,0,0,0,3,3,0,0,37,0.637931034,1,0,0,0,11,user6
0,1,14.17142857,9.9,82,35,496,23,53,21,0.833333333,1,0.153225806,1,1,1,0,0,0,1,0.8,1,2,0,0,2,0,0,0,0.696774194,1,0.8125,0,0,0,0,3,2,0,0,18,0.6,0,0,1,1,12,user6
0,1,12.19753086,11.15262346,176,49,988,135,81,61,0.985915493,1,0.218623482,1,1,1,0,0,0,1,0.8,1,14,6,6,2,0,0,0,0.696774194,1,0.8125,0,0,0,0,3,4,0,0,27,0.38028169,0,0,0,1,12,user6
0,1,9,11,3,3,18,0,1,0,0,0,0.055555556,0,0,0,0,0,0,1,0.8,0,0,0,0,0,0,0,0,0.696774194,0,0.8125,0,0,0,0,3,1,0,0,0,0,0,0,0,0,12,user6
0,1,15.97222222,10.66746032,87,34,575,28,37,26,1,1,0.113043478,0,0,0,0,0,0,1,0.8,1,2,0,0,2,0,0,0,0.696774194,1,0.8125,0,0,0,0,3,2,0,0,22,0.733333333,0,0,0,1,12,user6
0,1,10.96428571,8.57010582,54,33,307,17,28,15,0.863636364,1,0.146579805,0,0,0,0,0,0,1,0.8,1,2,0,0,1,1,0,0,0.696774194,1,0.8125,0,0,0,0,3,3,0,0,11,0.5,0,0,0,1,13,user6
0,1,16.928,15.31225806,423,69,2116,157,240,85,0.951456311,1,0.187618147,11,0.944444444,0.454545455,0.545454545,0,0,1,0.8,1,13,7,2,3,1,0,0,0.687898089,1,0.8125,8,0,11.875,6.625,1,5,1.5,0.875,58,0.563106796,0,0,0,0,2,user6
0,1,19.64102564,16.46653347,302,68,1532,93,266,63,0.985507246,1,0.234334204,12,0.958333333,0.416666667,0.583333333,0,0,1,0.8,1,6,1,0,4,1,0,0,0.687898089,1,0.8125,0,0,0,0,3,4,0,0,51,0.739130435,1,0,1,0,2,user6
0,1,13.125,11.93951613,91,21,420,18,92,14,0.5,1,0.261904762,0,0,0,0,0,0,1,0.8,1,7,5,2,0,0,0,0,0.687898089,1,0.8125,5,0.6,3.6,0.96,1,2,0.8,0.64,11,0.366666667,0,0,0,0,2,user6
0,1,22.63636364,16.61471861,83,35,498,19,56,15,0.75,1,0.15060241,7,0.928571429,0.142857143,0.857142857,0,0,1,0.8,0,1,0,0,1,0,0,0,0.687898089,1,0.8125,0,0,0,0,3,2,0,0,15,0.75,0,0,0,0,3,user6
0,1,13.125,11.93951613,91,21,420,18,92,14,0.5,1,0.261904762,0,0,0,0,0,0,1,0.8,1,7,5,2,0,0,0,0,0.687898089,1,0.8125,5,0.6,3.6,0.96,1,2,0.8,0.64,11,0.366666667,0,0,0,0,3,user6
0,1,17.20472441,17.63348331,389,72,2185,110,256,62,0.731481481,1,0.167505721,68,0.957446809,0.029411765,0.955882353,0.014705882,0,1,0.8,1,11,4,0,7,0,0,0,0.687898089,1,0.828571429,10,0,6.7,3.52,2,7,0,0,51,0.472222222,0,0,0,0,3,user6
0,1,12.57692308,11.77076923,53,32,327,14,29,12,0.947368421,1,0.131498471,0,0,0,0,0,0,1,0.8,1,0,0,0,0,0,0,0,0.687898089,1,0.828571429,0,0,0,0,3,3,0,0,9,0.473684211,0,0,0,0,4,user6
0,1,17.34782609,15.73913043,143,42,798,33,90,24,0.725,1,0.154135338,0,0,0,0,0,0,1,0.8,1,5,2,1,2,0,0,0,0.687898089,1,0.828571429,3,0,5.666666667,1.777777778,1,5,1,0,17,0.425,0,0,0,1,4,user6
0,1,18.2962963,8.316239316,74,45,494,21,46,19,0.730769231,1,0.13562753,3,0.428571429,1,0,0,0,1,0.8,0,1,1,0,0,0,0,0,0.687898089,1,0.828571429,0,0,0,0,3,3,0,0,15,0.576923077,1,0,0,0,4,user6
0,1,14.9375,15.72389241,259,45,1195,67,174,45,0.746478873,1,0.20167364,0,0,0,0,0,0,1,0.8,0,13,1,1,11,0,0,0,0.687898089,1,0.828571429,4,0,9,0.5,2,3,1,0.5,42,0.591549296,0,0,0,0,4,user6
0,1,12.80473373,11.3040293,375,45,2164,265,263,129,0.903846154,1,0.243992606,56,0.909090909,0,1,0,0,1,0.8,0,25,14,0,1,9,1,0,0.687898089,1,0.828571429,6,0.833333333,23.83333333,26.38888889,2,2,0.666666667,0.666666667,77,0.493589744,0,0,0,0,5,user6
0,1,16.26086957,8.247035573,53,22,374,15,13,15,0.85,1,0.07486631,0,0,0,0,0,0,1,0.8,1,0,0,0,0,0,0,0,0.687898089,1,0.828571429,0,0,0,0,3,2,0,0,16,0.8,0,0,0,0,5,user6
0,1,24.40625,20.92118711,441,68,3905,148,525,123,1.128787879,1,0.17234315,5,1,1,0,0,0,1,0.8,0,0,0,0,0,0,0,0,0.687898089,1,0.828571429,1,0,5,0,1,3,1,0,94,0.712121212,0,0,0,0,6,user6
0,1,14.895,15.33349246,645,65,2979,228,439,127,0.811111111,1,0.223900638,0,0,0,0,0,0,1,0.8,0,36,11,4,21,0,0,0,0.687898089,1,0.828571429,4,0,9,0.5,2,4,1,0.5,102,0.566666667,0,0,0,0,6,user6
0,1,17.17391304,15.08893281,62,22,395,12,67,12,1,1,0.2,0,0,0,0,0,0,1,0.8,0,0,0,0,0,0,0,0,0.687898089,1,0.828571429,0,0,0,0,3,2,0,0,13,0.764705882,0,0,0,0,7,user6
0,1,18.31972789,18.18055167,414,52,2693,156,392,97,0.813432836,1,0.203490531,2,1,1,0,0,0,1,0.8,0,20,8,1,11,0,0,0,0.689873418,1,0.828571429,3,1,12.33333333,1.777777778,2,3,0.333333333,0.444444444,80,0.597014925,1,0,0,0,7,user6
0,1,22.875,23.375,52,23,366,5,36,3,0.636363636,1,0.112021858,0,0,0,0,0,0,1,0.8,0,0,0,0,0,0,0,0,0.689873418,1,0.828571429,1,1,5,0,2,2,0,0,2,0.181818182,0,0,0,0,9,user6
0,1,18.52631579,12.98807018,199,64,1408,42,102,41,0.933333333,1,0.102272727,20,0.782608696,0.05,0.95,0,0,1,0.8,1,1,0,0,1,0,0,0,0.689873418,1,0.828571429,1,1,5,0,1,3,2,0,42,0.7,0,0,0,0,9,user6
0,1,18.30769231,18.16801619,100,39,714,22,67,13,0.59375,1,0.12464986,0,0,0,0,0,0,1,0.8,0,2,1,0,1,0,0,0,0.689873418,1,0.828571429,4,0.25,6,2,2,3,0,0,8,0.25,0,0,0,0,9,user6
0,1,16.20833333,16.96557971,63,24,389,8,40,7,0.578947368,1,0.123393316,0,0,0,0,0,0,1,0.8,0,0,0,0,0,0,0,0,0.689873418,1,0.828571429,1,1,5,0,2,2,0,0,7,0.368421053,0,0,0,0,9,user6
0,1,10.65714286,12.33613445,64,29,373,0,205,0,0.827586207,0,0.549597855,0,0,0,0,0,0,1,0.8,1,4,2,0,1,1,0,0,0.689873418,1,0.828571429,3,0.333333333,8.333333333,2.888888889,1,3,1.666666667,0.444444444,13,0.448275862,0,0,0,0,1,user7
0,1,6.909090909,8.2,11,10,76,0,10,0,0.571428571,0,0.131578947,0,0,0,0,0,0,1,0.8,0,0,0,0,0,0,0,0,0.689873418,1,0.828571429,0,0,0,0,3,2,0,0,2,0.285714286,0,0,0,0,1,user7
0,1,16.51351351,14.02477477,118,29,611,17,75,15,0.545454545,1,0.150572831,0,0,0,0,0,0,1,0.8,0,2,1,1,0,0,0,0,0.689873418,1,0.828571429,3,0,3,0,1,3,0,0,13,0.393939394,0,0,0,0,10,user7
0,1,17.4057971,14.59931799,194,63,1201,46,116,35,0.75862069,1,0.134887594,0,0,0,0,0,0,1,0.8,1,5,2,0,2,1,0,0,0.691823899,1,0.828571429,6,0,5,2.666666667,1,3,0.833333333,0.555555556,29,0.5,0,0,1,0,10,user7
0,1,14.97142857,6.835294118,81,39,524,22,33,22,0.774193548,1,0.104961832,4,0.777777778,0.5,0.5,0,0,1,0.8,1,0,0,0,0,0,0,0,0.691823899,1,0.828571429,0,0,0,0,3,2,0,0,20,0.64516129,0,0,0,0,10,user7
0,1,17.921875,14.0453869,198,59,1147,56,143,42,0.875,1,0.173496077,1,1,1,0,0,0,1,0.8,1,4,1,0,2,1,0,0,0.691823899,1,0.828571429,0,0,0,0,3,3,0,0,36,0.642857143,1,0,0,0,11,user7
0,1,14,10.68965517,67,33,420,15,41,14,0.791666667,1,0.133333333,3,0.909090909,0.333333333,0.666666667,0,0,1,0.8,1,1,0,0,1,0,0,0,0.691823899,1,0.828571429,1,1,18,0,2,2,0,0,14,0.583333333,0,0,1,1,12,user7
0,1,17.42253521,14.90442656,215,63,1237,76,133,36,0.693548387,1,0.168957154,39,0.822222222,0.384615385,0.564102564,0.051282051,0.333333333,1,0.8,1,9,3,3,3,0,0,0,0.691823899,1,0.828571429,0,0,0,0,3,3,0,0,29,0.467741935,0,0,0,1,12,user7
0,1,15.07692308,11.9668175,119,55,784,52,124,37,0.955555556,1,0.224489796,26,0.966666667,0.653846154,0.346153846,0,0,1,0.8,1,6,1,0,2,3,0,0,0.691823899,1,0.828571429,0,0,0,0,3,4,0,0,25,0.555555556,0,0,0,1,13,user7
0,1,23.08695652,15.09090909,89,35,531,17,94,16,0.727272727,1,0.209039548,0,0,0,0,0,0,1,0.8,0,2,1,1,0,0,0,0,0.691823899,1,0.828571429,0,0,0,0,3,3,0,0,15,0.681818182,0,0,0,0,2,user7
0,1,15.98275862,13.98638838,178,46,927,48,165,30,0.673076923,1,0.229773463,50,0.894736842,0,0.98,0.02,0,1,0.8,1,8,5,2,1,0,0,0,0.691823899,1,0.828571429,7,0.571428571,5.571428571,3.102040816,1,6,1.428571429,1.06122449,20,0.384615385,0,0,0,0,2,user7
0,1,23.125,18.425,66,31,370,13,52,9,0.6,1,0.175675676,0,0,0,0,0,0,1,0.8,0,1,0,0,1,0,0,0,0.691823899,1,0.828571429,0,0,0,0,3,2,0,0,10,0.666666667,0,0,0,0,3,user7
0,1,16.51578947,14.49731243,305,64,1569,71,255,39,0.583333333,1,0.207775653,86,0.836363636,0.197674419,0.790697674,0.011627907,0.186046512,1,0.8,1,11,5,2,4,0,0,0,0.691823899,1,0.828571429,10,0.4,5.4,2.96,1,6,1.5,0.9,39,0.464285714,0,0,0,0,3,user7
0,1,22.3943662,19.58873239,258,55,1590,48,137,32,0.619047619,1,0.116352201,0,0,0,0,0,0,1,0.8,1,6,1,0,5,0,0,0,0.691823899,1,0.828571429,10,0,4.1,1.34,1,4,0,0,30,0.476190476,0,0,0,0,3,user7
0,1,19.91489362,15.35522664,136,42,936,42,130,32,0.772727273,1,0.183760684,3,1,0,1,0,0,1,0.8,1,7,3,0,4,0,0,0,0.691823899,1,0.828571429,1,1,18,0,3,5,0,0,24,0.545454545,0,0,0,1,4,user7
0,1,18.40740741,8.867521368,75,46,497,21,46,19,0.730769231,1,0.134808853,3,0.5,1,0,0,0,1,0.8,0,1,1,0,0,0,0,0,0.691823899,1,0.828571429,0,0,0,0,3,3,0,0,15,0.576923077,1,0,0,0,4,user7
0,1,16.04615385,14.95721154,224,43,1043,57,186,37,0.74137931,1,0.232981783,0,0,0,0,0,0,1,0.8,0,10,0,0,10,0,0,0,0.69375,1,0.828571429,4,0,6.75,1.875,1,3,1,0.5,38,0.655172414,0,0,0,0,4,user7
0,1,13.36144578,12.71877755,196,47,1109,104,153,50,0.845070423,1,0.231740307,0,0,0,0,0,0,1,0.8,1,12,6,2,2,2,0,0,0.69375,1,0.828571429,5,0.8,10.4,7.44,1,3,0.8,0.64,30,0.422535211,0,0,0,0,5,user7
0,1,24.68589744,21.55355666,435,65,3851,144,523,120,1.165354331,1,0.173201766,103,1,0.038834951,0.951456311,0.009708738,0,1,0.8,0,0,0,0,0,0,0,0,0.69375,1,0.828571429,1,0,5,0,1,3,1,0,94,0.74015748,0,0,0,0,6,user7
0,1,17.38271605,15.81450809,618,62,2816,165,430,102,0.801369863,1,0.211292614,6,1,1,0,0,1,1,0.8,0,27,5,0,22,0,0,0,0.69375,1,0.828571429,4,0,6.75,1.875,1,4,1,0.5,93,0.636986301,0,0,0,0,6,user7
0,1,25.7804878,15.15487805,112,31,1057,29,145,29,0.916666667,1,0.16461684,0,0,0,0,0,0,1,0.8,1,0,0,0,0,0,0,0,0.689440994,1,0.828571429,0,0,0,0,3,2,0,0,30,0.833333333,0,0,0,0,7,user7
0,1,20.97560976,17.78028788,394,48,2580,125,308,82,0.75,1,0.167829457,71,0.833333333,0.070422535,0.915492958,0.014084507,0.070422535,1,0.8,1,19,4,1,14,0,0,0,0.685185185,1,0.828571429,3,1,8,0.666666667,1,3,0.333333333,0.444444444,72,0.620689655,0,0,0,0,7,user7
0,1,19.62903226,13.89450026,174,62,1217,36,85,35,0.959183673,1,0.099424815,1,0,1,0,0,0,1,0.8,1,1,0,0,1,0,0,0,0.685185185,1,0.828571429,1,1,5,0,1,3,2,0,35,0.714285714,0,0,0,0,9,user7
0,1,23.96666667,20.03563218,111,43,719,15,73,11,0.538461538,1,0.122392211,1,0.818181818,1,0,0,0,1,0.8,1,2,1,0,1,0,0,0,0.685185185,1,0.828571429,4,0.25,4.5,1.5,1,3,0.75,0.375,10,0.384615385,0,0,0,0,9,user7
0,1,17.375,15.20833333,51,24,278,4,32,4,0.583333333,1,0.129496403,0,0,0,0,0,0,1,0.8,0,0,0,0,0,0,0,0,0.685185185,1,0.828571429,1,1,3,0,1,2,1,0,5,0.416666667,0,0,0,0,9,user7
0,1,19.31623932,20.00595849,1406,314,6780,0,2608,0,0.897959184,0,0.384660767,84,0.849802372,0.285714286,0.714285714,0,0.035714286,1,0.8,1,38,28,1,6,3,0,0,0.69047619,1,0.828571429,14,0.222222222,0,0,3,6,1.714285714,0.551020408,125,0.425170068,0,3,1,0,1,user8
0,1,16.04761905,13.73732719,168,71,1011,0,263,0,1.12244898,0,0.260138477,4,1,1,0,0,0,1,0.8,1,2,0,0,2,0,0,0,0.692307692,1,0.828571429,0,0,0,0,3,2,0,0,39,0.795918367,0,0,0,1,1,user8
0,1,10.59259259,11.80013976,119,24,572,0,173,0,0.673913043,0,0.302447552,0,0,0,0,0,0,1,0.8,0,3,3,0,0,0,0,0,0.692307692,1,0.828571429,3,0,4,0,2,3,0,0,20,0.434782609,0,0,0,0,10,user8
0,1,14.275,14.77371795,87,38,571,0,133,0,0.727272727,0,0.232924694,0,0,0,0,0,0,1,0.8,0,4,1,0,2,1,0,0,0.692307692,1,0.828571429,5,0,4.4,1.68,1,4,0.6,0.48,10,0.303030303,0,0,0,1,10,user8
0,1,19.40740741,13.88819008,143,47,1048,0,183,0,1.023255814,0,0.174618321,1,0.666666667,1,0,0,0,1,0.8,1,1,0,0,1,0,0,0,0.692307692,1,0.828571429,0,0,0,0,3,3,0,0,35,0.813953488,0,0,1,1,10,user8
0,1,16.80769231,15.09340659,228,63,1311,0,456,0,0.954545455,0,0.347826087,1,1,1,0,0,1,1,0.8,1,8,5,0,2,1,0,0,0.692307692,1,0.828571429,0,0,0,0,3,4,0,0,41,0.621212121,1,0,0,0,11,user8
0,1,13.60714286,10.97486772,63,30,381,0,100,0,0.75,0,0.262467192,2,0.857142857,1,0,0,0.5,1,0.8,1,1,0,0,1,0,0,0,0.692307692,1,0.828571429,0,0,0,0,3,2,0,0,13,0.541666667,0,0,0,1,12,user8
0,1,16.26315789,15.72210526,220,52,1236,0,394,0,0.880597015,0,0.318770227,3,0.857142857,1,0,0,0.333333333,1,0.8,1,6,5,0,1,0,0,0,0.692307692,1,0.828571429,0,0,0,0,3,4,0,0,27,0.402985075,0,0,1,1,12,user8
0,1,13.77272727,13.63146853,146,55,909,0,242,0,0.94,0,0.266226623,29,0.851851852,0.172413793,0.75862069,0.068965517,0.034482759,1,0.8,1,3,1,1,1,0,0,0,0.692307692,1,0.828571429,0,0,0,0,3,4,0,0,23,0.46,0,0,0,1,12,user8
0,1,12.37254902,13.40078431,102,46,631,0,327,0,0.975609756,0,0.51822504,2,0.875,1,0,0,0,1,0.8,1,7,4,1,1,1,0,0,0.692307692,1,0.828571429,0,0,0,0,3,4,0,0,19,0.463414634,0,1,1,1,12,user8
0,1,13.44827586,11.8362069,59,31,390,0,95,0,0.833333333,0,0.243589744,1,1,1,0,0,0,1,0.8,1,2,0,0,1,1,0,0,0.692307692,1,0.828571429,0,0,0,0,3,3,0,0,12,0.5,0,0,0,1,13,user8
0,1,18.07407407,20.66666667,188,59,976,0,577,0,0.826086957,0,0.591188525,11,0.866666667,1,0,0,0.818181818,1,0.8,1,9,3,0,5,1,0,0,0.684210526,1,0.828571429,0,0,0,0,3,7,0,0,31,0.673913043,0,0,0,0,13,user8
0,1,21.48535565,20.11195106,1006,192,5135,0,1595,0,0.893401015,0,0.310613437,161,0.911242604,0.310559006,0.677018634,0.01242236,0.186335404,1,0.8,1,28,13,2,12,1,0,0,0.694915254,1,0.828571429,15,0.333333333,13.2,9.84,1,5,1.666666667,0.8,115,0.583756345,1,0,1,1,2,user8
0,1,32.92857143,36.73344948,252,40,1383,0,306,0,0.741935484,0,0.221258134,12,1,1,0,0,0.833333333,1,0.8,1,12,11,1,0,0,0,0,0.698324022,1,0.828571429,0,0,0,0,3,5,0,0,22,0.709677419,0,0,1,0,2,user8
0,1,11.81818182,11.73579545,86,19,390,0,191,0,0.5625,0,0.48974359,1,0.333333333,1,0,0,1,1,0.8,1,7,5,2,0,0,0,0,0.698324022,1,0.828571429,5,0.6,4,0.8,1,2,0.8,0.64,10,0.3125,0,0,0,0,2,user8
0,1,23.125,16.94166667,66,31,370,0,80,0,0.6,0,0.216216216,0,0,0,0,0,0,1,0.8,0,1,0,0,1,0,0,0,0.698324022,1,0.828571429,0,0,0,0,3,2,0,0,10,0.666666667,0,0,0,0,3,user8
0,1,11.81818182,11.73579545,86,19,390,0,191,0,0.5625,0,0.48974359,1,0.333333333,1,0,0,1,1,0.8,1,7,5,2,0,0,0,0,0.698324022,1,0.828571429,5,0.6,4,0.8,1,2,0.8,0.64,10,0.3125,0,0,0,0,3,user8
0,1,15.76612903,15.9548256,353,76,1955,0,452,0,0.663461538,0,0.231202046,5,0.909090909,1,0,0,0,1,0.714285714,1,8,3,0,4,1,0,0,0.704918033,1,0.828571429,18,0.071428571,6.071428571,2.540816327,2,6,0.888888889,0.987654321,44,0.423076923,1,0,1,1,3,user8
0,1,15.96153846,16.24208145,118,39,830,0,261,0,1.075,0,0.314457831,44,0.833333333,0,0.931818182,0.068181818,0,1,0.714285714,1,0,0,0,0,0,0,0,0.704918033,1,0.828571429,0,0,0,0,3,2,0,0,24,0.6,0,0,0,0,4,user8
0,1,15.05405405,17.86711712,96,35,557,3,143,3,0.896551724,1,0.262118492,8,0.818181818,0,1,0,0,1,0.714285714,1,3,2,0,1,0,0,0,0.704918033,1,0.828571429,1,1,8,0,2,5,1,0,11,0.379310345,0,1,0,0,4,user8
0,1,15.73333333,11.13793103,71,43,472,0,110,0,0.76,0,0.233050847,3,0.428571429,1,0,0,1,1,0.714285714,0,1,1,0,0,0,0,0,0.704918033,1,0.828571429,0,0,0,0,3,3,0,0,14,0.56,1,0,0,0,4,user8
0,1,16.7,18.6721519,278,60,1336,0,415,0,0.823529412,0,0.310628743,3,1,1,0,0,0.333333333,1,0.714285714,0,12,2,0,10,0,0,0,0.706521739,1,0.828571429,4,0,8.75,2.375,2,3,1,0.5,43,0.632352941,0,0,0,0,4,user8
0,1,10.53982301,13.19255689,205,39,1191,0,794,0,0.87,0,0.666666667,1,0.666666667,1,0,0,0,1,0.714285714,1,12,5,0,0,6,1,0,0.706521739,1,0.828571429,6,0.833333333,14.83333333,12.72222222,2,2,0.666666667,0.666666667,43,0.43,0,0,0,0,5,user8
0,1,16.16363636,14.10325271,295,52,1778,0,461,0,1.113636364,0,0.25928009,0,0,0,0,0,0,1,0.714285714,1,12,5,3,4,0,0,0,0.706521739,1,0.828571429,2,1,50.5,37.5,3,5,2,0,68,0.772727273,0,1,0,0,5,user8
0,1,22.64130435,20.93472321,469,73,4166,0,945,0,1.055944056,0,0.226836294,25,1,1,0,0,1,1,0.714285714,0,0,0,0,0,0,0,0,0.706521739,1,0.828571429,1,0,5,0,1,3,1,0,103,0.72027972,0,0,0,0,6,user8
0,1,16.80645161,18.36582389,653,86,3126,0,950,0,0.851612903,0,0.303902751,6,0.862068966,1,0,0,0.666666667,1,0.714285714,1,26,6,0,20,0,0,0,0.706521739,1,0.828571429,4,0,8.75,2.375,2,4,1,0.5,103,0.664516129,0,3,0,0,6,user8
0,1,16.69230769,14.64615385,73,22,434,0,92,0,0.95,0,0.211981567,1,1,1,0,0,0,1,0.714285714,0,0,0,0,0,0,0,0,0.706521739,1,0.828571429,0,0,0,0,3,3,0,0,15,0.75,0,0,0,0,7,user8
0,1,12.77604167,13.76175284,432,51,2453,22,775,19,0.949685535,1,0.324908276,4,0.714285714,1,0,0,0,1,0.714285714,1,21,3,2,10,6,0,0,0.704301075,1,0.828571429,3,1,9.333333333,3.777777778,2,3,0.333333333,0.444444444,95,0.597484277,0,0,0,0,7,user8
0,1,20.54545455,28.30909091,33,22,226,0,22,0,0.833333333,0,0.097345133,0,0,0,0,0,0,1,0.714285714,0,0,0,0,0,0,0,0,0.704301075,1,0.828571429,1,1,4,0,2,3,1,0,1,0.166666667,0,0,0,0,9,user8
0,1,20.54545455,15.70875421,160,61,1130,0,215,0,0.976744186,0,0.190265487,1,0,1,0,0,1,1,0.714285714,1,1,0,0,1,0,0,0,0.704301075,1,0.828571429,1,1,5,0,1,3,2,0,32,0.744186047,0,0,0,0,9,user8
0,1,23.72727273,25.55844156,76,37,522,0,48,0,0.368421053,0,0.091954023,0,0,0,0,0,0,1,0.714285714,0,0,0,0,0,0,0,0,0.704301075,1,0.828571429,4,0.25,4.25,0.375,2,3,0.75,0.375,6,0.315789474,0,0,1,0,9,user8
0,1,11.47826087,14.27075099,45,22,264,0,41,0,0.75,0,0.15530303,0,0,0,0,0,0,1,0.714285714,0,0,0,0,0,0,0,0,0.704301075,1,0.828571429,1,1,4,0,2,2,1,0,6,0.375,0,0,0,0,9,user8
